/*
Navicat MySQL Data Transfer

Source Server         : 192.168.6.194
Source Server Version : 50621
Source Host           : 192.168.6.194:3306
Source Database       : jfinal

Target Server Type    : MYSQL
Target Server Version : 50621
File Encoding         : 65001

Date: 2016-10-26 18:19:48
*/

SET FOREIGN_KEY_CHECKS=0;

-- ----------------------------
-- Table structure for sys_perm
-- ----------------------------
DROP TABLE IF EXISTS `sys_perm`;
CREATE TABLE `sys_perm` (
  `permCde` varchar(20) NOT NULL COMMENT '功能代码',
  `clevel` int(11) NOT NULL COMMENT '用于排序',
  `createTime` datetime NOT NULL,
  `permName` varchar(50) DEFAULT NULL COMMENT '功能名称',
  `link` varchar(255) DEFAULT NULL COMMENT '点击链接',
  `menuType` varchar(10) DEFAULT NULL COMMENT '菜单的类型',
  `perLink` varchar(2000) DEFAULT NULL COMMENT '权限链接，多个用,号分隔',
  `sort` int(11) DEFAULT NULL COMMENT '菜单级别',
  `state` varchar(10) DEFAULT NULL COMMENT '状态',
  `updateTime` datetime NOT NULL,
  `version` int(11) NOT NULL,
  `parentCde` varchar(20) DEFAULT NULL COMMENT '所属功能',
  PRIMARY KEY (`permCde`),
  KEY `FKE9983D0AD4852FA3` (`parentCde`),
  CONSTRAINT `sys_perm_ibfk_1` FOREIGN KEY (`parentCde`) REFERENCES `sys_perm` (`permCde`)
) ENGINE=InnoDB DEFAULT CHARSET=utf8mb4;

-- ----------------------------
-- Records of sys_perm
-- ----------------------------
INSERT INTO `sys_perm` VALUES ('ANALYSIS_COMMS', '510600', '2016-05-10 20:23:17', '沟通情况分析', '/admin/analysis/analysis/list4shopsComms.jhtml', 'MENU', '/admin/analysis/analysis/*.jhtml', '2', 'USE', '2016-07-19 11:25:35', '1', 'DATAT');
INSERT INTO `sys_perm` VALUES ('ANALYSIS_HZAZD', '511200', '2015-12-22 12:53:14', '合作安装点分析', '/stat/analysis/installSite.jhtml', 'MENU', '/stat/analysis/*.jhtml', '2', 'USE', '2016-07-11 18:11:02', '9', 'DATAT');
INSERT INTO `sys_perm` VALUES ('ANALYSIS_ORDER', '511100', '2015-12-19 12:56:40', '轮胎店订单分析', '/stat/analysis/order.jhtml', 'MENU', '/stat/analysis/*.jhtml', '2', 'USE', '2016-07-11 18:11:20', '8', 'DATAT');
INSERT INTO `sys_perm` VALUES ('ANALYSIS_ORDERS', '510400', '2016-05-10 20:22:00', '订单分析', '/admin/analysis/analysis/shopsOrder.jhtml', 'MENU', '/admin/analysis/analysis/*.jhtml', '2', 'USE', '2016-07-19 11:25:05', '2', 'DATAT');
INSERT INTO `sys_perm` VALUES ('ANALYSIS_ORDER_GOAL', '500310', '2016-01-07 09:11:06', '轮胎店订单设置目标', '/admin/stat/analysis/orderGoal.jhtml', 'BUTTON', '/admin/stat/analysis/orderGoal.jhtml', '1', 'USE', '2016-04-11 15:17:33', '2', 'ANALYSIS_ORDER');
INSERT INTO `sys_perm` VALUES ('ANALYSIS_SHOP', '511000', '2015-12-22 12:52:14', '轮胎店分析', '/stat/analysis/shops.jhtml', 'MENU', '/stat/analysis/*.jhtml', '2', 'USE', '2016-07-11 18:10:18', '7', 'DATAT');
INSERT INTO `sys_perm` VALUES ('ANALYSIS_SHOP_GOAL', '500110', '2016-01-07 09:08:48', '轮胎店设置目标', '/admin/stat/analysis/setGoal.jhtml', 'BUTTON', '/admin/stat/analysis/setGoal.jhtml', '1', 'USE', '2016-04-11 15:17:02', '2', 'ANALYSIS_SHOP');
INSERT INTO `sys_perm` VALUES ('ANALYSIS_SITE_GOAL', '500210', '2016-01-07 09:09:55', '合作安装点设置目标', '/admin/stat/analysis/installGoal.jhtml', 'BUTTON', '/admin/stat/analysis/installGoal.jhtml', '1', 'USE', '2016-04-11 15:17:16', '2', 'ANALYSIS_HZAZD');
INSERT INTO `sys_perm` VALUES ('APPR', '700000', '2015-11-29 19:56:25', '基础管理', '', 'MENU', '', '1', 'USE', '2016-03-29 17:57:18', '1', null);
INSERT INTO `sys_perm` VALUES ('APPRAISE_RPL_RMK', '600201', '2016-05-11 08:49:52', '商家服务评价回复和备注', '', 'BUTTON', '/admin/shops/appraise/**.jhtml', '2', 'USE', '2016-06-04 12:55:36', '1', 'SHOPS_APRS');
INSERT INTO `sys_perm` VALUES ('APPR_DSH', '700400', '2015-11-29 19:59:45', '待审核列表', '/admin/flow/approve/myApproving.jhtml', 'MENU', '/admin/flow/approve/*.jhtml', '2', 'USE', '2016-03-29 18:00:56', '1', 'APPR');
INSERT INTO `sys_perm` VALUES ('APPR_DSH_APPR', '700401', '2015-12-25 14:24:55', '审核', '', 'BUTTON', '/admin/flow/approve/*.jhtml', '1', 'USE', '2016-03-29 18:01:36', '1', 'APPR_DSH');
INSERT INTO `sys_perm` VALUES ('APPR_SCORE_RULE', '700800', '2016-07-11 09:24:53', '积分规则配置', '/admin/salesman/sales-score-rule/list.jhtml', 'MENU', '/admin/salesman/sales-score-rule/*.jhtml', '2', 'STOP', '2016-07-20 09:31:23', '1', 'APPR');
INSERT INTO `sys_perm` VALUES ('APPR_YSH', '700500', '2015-11-29 20:00:23', '已审核列表', '/admin/flow/approve/myApproved.jhtml', 'MENU', '/admin/flow/approve/*.jhtml', '2', 'USE', '2016-03-29 18:01:12', '2', 'APPR');
INSERT INTO `sys_perm` VALUES ('APPR_YSH_VIEW', '700501', '2015-12-25 14:25:36', '查看', '', 'BUTTON', '/admin/flow/approve/*.jhtml', '1', 'USE', '2016-03-29 18:01:58', '1', 'APPR_YSH');
INSERT INTO `sys_perm` VALUES ('AREA_SALES_INFO', '510800', '2016-08-03 10:28:11', '区域销量统计', '/admin/analysis/analysis/areaSales.jhtml', 'MENU', '/admin/analysis/analysis/*.jhtml', '2', 'USE', '2016-08-05 15:38:06', '2', 'DATAT');
INSERT INTO `sys_perm` VALUES ('ASSESSMENT_LIST', '510700', '2016-06-22 21:50:34', '营销部考核表', '/admin/analysis/assessment/list.jhtml', 'MENU', '/admin/analysis/assessment/*.jhtml', '2', 'USE', '2016-07-22 08:36:34', '3', 'DATAT');
INSERT INTO `sys_perm` VALUES ('ASSESSMENT_LIST2', '510710', '2016-07-11 09:23:16', '营销部统计表', '/admin/analysis/assessment/countList.jhtml', 'MENU', '/admin/analysis/assessment/*.jhtml', '2', 'USE', '2016-07-22 08:37:05', '3', 'DATAT');
INSERT INTO `sys_perm` VALUES ('AUDITION', '200400', '2016-03-22 16:12:59', '海选商家管理', '/admin/shops/shops-info/auditionList.jhtml', 'MENU', '/admin/shops/shops-info/*.jhtml', '2', 'USE', '2016-05-03 19:23:02', '5', 'SHOPS');
INSERT INTO `sys_perm` VALUES ('AUDITION_BLACK', '200408', '2016-06-17 23:12:48', '黑名单', '', 'BUTTON', '', '1', 'USE', '2016-06-17 23:12:48', '0', 'AUDITION');
INSERT INTO `sys_perm` VALUES ('AUDITION_EDIT', '200401', '2016-04-08 21:35:55', '编辑', '', 'BUTTON', '/admin/shops/shops-info/*.jhtml', '1', 'USE', '2016-04-08 21:35:55', '0', 'AUDITION');
INSERT INTO `sys_perm` VALUES ('AUDITION_FP', '200404', '2016-04-08 21:46:42', '分配', '', 'BUTTON', '/admin/shops/shops-info/*.jhtml', '1', 'USE', '2016-04-08 21:46:42', '0', 'AUDITION');
INSERT INTO `sys_perm` VALUES ('AUDITION_IMPORT', '200406', '2016-04-08 21:47:37', '导入', '', 'BUTTON', '/admin/shops/shops-info/*.jhtml', '1', 'USE', '2016-04-08 21:47:37', '0', 'AUDITION');
INSERT INTO `sys_perm` VALUES ('AUDITION_LQ', '200403', '2016-04-08 21:46:13', '领取', '', 'BUTTON', '/admin/shops/shops-info/*.jhtml', '1', 'USE', '2016-04-08 21:46:13', '0', 'AUDITION');
INSERT INTO `sys_perm` VALUES ('AUDITION_RELEASE', '300409', '2016-06-03 17:47:17', '回归公共库', '', 'BUTTON', '', '1', 'USE', '2016-06-03 17:51:23', '2', 'AUDITION');
INSERT INTO `sys_perm` VALUES ('AUDITION_VIEW', '200402', '2016-04-08 21:45:31', '查看', '', 'BUTTON', '/admin/shops/shops-info/*.jhtml', '1', 'USE', '2016-04-08 21:45:43', '1', 'AUDITION');
INSERT INTO `sys_perm` VALUES ('AUDITION_VIEWS', '500710', '2016-07-04 20:57:21', '海选组查看', '', 'BUTTON', '', '1', 'USE', '2016-07-04 20:58:01', '1', 'ASSESSMENT_LIST');
INSERT INTO `sys_perm` VALUES ('AUDITION_YJ', '200405', '2016-04-08 21:47:11', '移交', '', 'BUTTON', '/admin/shops/shops-info/*.jhtml', '1', 'USE', '2016-04-08 21:47:11', '0', 'AUDITION');
INSERT INTO `sys_perm` VALUES ('BUSINESS_VIEW', '500730', '2016-07-04 20:59:09', '业务组查看', '', 'BUTTON', '', '1', 'USE', '2016-07-04 20:59:09', '0', 'ASSESSMENT_LIST');
INSERT INTO `sys_perm` VALUES ('CLIENTELE', '300000', '2015-12-01 16:32:44', '车主相关', '', 'MENU', '', '1', 'USE', '2016-03-29 17:30:25', '1', null);
INSERT INTO `sys_perm` VALUES ('CLIENTELE_AMZJL', '300300', '2015-12-01 16:40:42', '安装码记录', '/admin/clientele/clientele/createInstallCodeList.jhtml', 'MENU', '/admin/clientele/clientele/*.jhtml', '2', 'USE', '2016-03-29 17:31:44', '3', 'CLIENTELE');
INSERT INTO `sys_perm` VALUES ('CLIENTELE_AMZJL_COM', '300303', '2016-06-17 23:05:07', '投诉', '', 'BUTTON', '', '1', 'USE', '2016-06-17 23:05:07', '0', 'CLIENTELE_AMZJL');
INSERT INTO `sys_perm` VALUES ('CLIENTELE_AMZJL_EXP', '300301', '2015-12-25 17:22:59', '导出', '', 'BUTTON', '/admin/clientele/clientele/*.jhtml', '1', 'USE', '2016-03-29 17:32:13', '1', 'CLIENTELE_AMZJL');
INSERT INTO `sys_perm` VALUES ('CLIENTELE_AMZJL_PACK', '300302', '2015-12-25 17:23:48', '打包下载', '', 'BUTTON', '/admin/clientele/clientele/*.jhtml', '1', 'USE', '2016-03-29 17:32:00', '1', 'CLIENTELE_AMZJL');
INSERT INTO `sys_perm` VALUES ('CLIENTELE_AZMFP', '300200', '2015-12-01 16:40:10', '安装码分配', '/admin/clientele/clientele/installCodeList.jhtml', 'MENU', '/admin/clientele/clientele/*.jhtml', '2', 'USE', '2016-03-29 17:31:32', '2', 'CLIENTELE');
INSERT INTO `sys_perm` VALUES ('CLIENTELE_AZMFP_FP', '700201', '2015-12-25 17:19:55', '安装码分配', '', 'BUTTON', '/admin/clientele/clientele/*.jhtml', '1', 'USE', '2015-12-25 17:19:55', '0', 'CLIENTELE_AZMFP');
INSERT INTO `sys_perm` VALUES ('CLIENTELE_AZMFP_ZF', '300202', '2015-12-25 17:20:47', '作废', '', 'BUTTON', '/admin/clientele/clientele/*.jhtml', '1', 'USE', '2016-03-29 17:32:23', '1', 'CLIENTELE_AZMFP');
INSERT INTO `sys_perm` VALUES ('CLIENTELE_INFO', '300100', '2015-12-01 16:36:43', '车主信息', '/admin/clientele/clientele/list.jhtml', 'MENU', '/admin/clientele/clientele/*.jhtml', '2', 'USE', '2016-03-29 17:30:44', '2', 'CLIENTELE');
INSERT INTO `sys_perm` VALUES ('CLIENTELE_INFO_EXP', '300102', '2015-12-25 17:09:53', '导出', '', 'BUTTON', '/admin/clientele/clientele/*.jhtml', '1', 'USE', '2016-03-29 17:31:14', '1', 'CLIENTELE_INFO');
INSERT INTO `sys_perm` VALUES ('CLIENTELE_INFO_VIEW', '300101', '2015-12-25 17:09:03', '查看', '', 'BUTTON', '/admin/clientele/clientele/*.jhtml', '1', 'USE', '2016-03-29 17:31:04', '1', 'CLIENTELE_INFO');
INSERT INTO `sys_perm` VALUES ('COUNTRY_SALES_INFO', '520100', '2016-08-15 16:53:56', '省份及重点城市数据分析', '/admin/analysis/analysis/provinceSales.jhtml', 'MENU', '/admin/analysis/analysis/*.jhtml', '2', 'USE', '2016-08-15 21:51:52', '1', 'SYS_CAL');
INSERT INTO `sys_perm` VALUES ('COUPONS', '220350', '2016-04-11 08:58:42', '商家优惠券', '/admin/shops/coupons/list.jhtml', 'MENU', '/admin/shops/coupons/*.jhtml', '2', 'USE', '2016-05-03 16:09:33', '3', 'SHOPE');
INSERT INTO `sys_perm` VALUES ('COUPONSRULES', '220130', '2016-04-11 08:55:35', '优惠券规则', '/admin/shops/coupons-rules/list.jhtml', 'MENU', '/admin/shops/coupons-rules/*.jhtml', '2', 'USE', '2016-05-03 16:09:16', '2', 'SHOPE');
INSERT INTO `sys_perm` VALUES ('DATAT', '510000', '2016-05-10 20:20:48', '业务分析与统计', '', 'MENU', '', '1', 'USE', '2016-07-26 09:08:20', '2', null);
INSERT INTO `sys_perm` VALUES ('DELIVERY_EXP', '400301', '2016-09-05 18:18:03', '发货表导出', '', 'BUTTON', '', '1', 'USE', '2016-09-05 21:05:59', '1', 'ORDER_ALL');
INSERT INTO `sys_perm` VALUES ('DIVISIONAREA', '800650', '2016-04-07 11:13:07', '地区区域管理', '/admin/system/division-area/cnmap.jhtml', 'MENU', '/admin/system/division-area/*.jhtml', '2', 'USE', '2016-04-07 11:14:47', '1', 'SYS');
INSERT INTO `sys_perm` VALUES ('EDIT_PAYTYPE', '400304', '2016-09-12 16:40:40', '修改付款方式', '', 'BUTTON', '', '1', 'USE', '2016-09-12 21:32:46', '1', 'ORDER_ALL');
INSERT INTO `sys_perm` VALUES ('FINANCE_CONFIRM', '400500', '2016-08-29 09:40:05', '财务确认', '/admin/order/orders/financelist.jhtml', 'MENU', '/admin/order/orders/financelist.jhtml', '2', 'USE', '2016-09-05 21:23:55', '2', 'ORDER');
INSERT INTO `sys_perm` VALUES ('FXSZ', '200800', '2015-12-01 16:26:23', '返现设置', '/admin/shops/return-money-set/list.jhtml', 'MENU', '/admin/shops/return-money-set/*.jhtml', '2', 'STOP', '2016-08-22 16:15:10', '4', 'SHOPS');
INSERT INTO `sys_perm` VALUES ('FXSZ_ADD', '200801', '2015-12-25 15:07:55', '添加', '', 'BUTTON', '/admin/shops/return-money-set/*.jhtml', '1', 'USE', '2016-03-29 17:24:25', '2', 'FXSZ');
INSERT INTO `sys_perm` VALUES ('FXSZ_DEL', '200802', '2015-12-25 15:08:41', '删除', '', 'BUTTON', '/admin/shops/return-money-set/*.jhtml', '1', 'USE', '2016-03-29 17:24:38', '2', 'FXSZ');
INSERT INTO `sys_perm` VALUES ('GOAL_VIEW_EDIT', '800900', '2016-08-23 21:31:17', '目标查看及设置', '', 'BUTTON', '', '2', 'USE', '2016-08-23 21:31:17', '0', 'SYS');
INSERT INTO `sys_perm` VALUES ('LOGIN_USER', '800110', '2016-09-22 14:55:22', '在线用户管理', '/admin/system/user/loginList.jhtml', 'MENU', '/admin/system/user/*.jhtml', '2', 'USE', '2016-09-22 15:04:33', '1', 'SYS');
INSERT INTO `sys_perm` VALUES ('MESSAGE', '600000', '2016-01-07 09:55:59', '服务相关', '', 'MENU', '', '1', 'USE', '2016-06-04 12:54:42', '2', null);
INSERT INTO `sys_perm` VALUES ('MESSAGE_BOARD', '600300', '2016-01-07 09:56:33', '留言信息', '/admin/message/message-board/list.jhtml', 'MENU', '/admin/message/message-board/*.jhtml', '2', 'USE', '2016-08-08 18:00:14', '4', 'MESSAGE');
INSERT INTO `sys_perm` VALUES ('MESSAGE_JDSHCL', '600100', '2016-07-04 22:34:32', '售后服务', '/admin/system/sales-process/list.jhtml', 'MENU', '/admin/system/sales-process/*.jhtml', '2', 'USE', '2016-08-08 17:59:56', '2', 'MESSAGE');
INSERT INTO `sys_perm` VALUES ('MONTH_TARGET', '700710', '2016-07-04 11:34:17', '目标及积分设置', '/admin/salesman/sales-month-target/list.jhtml', 'MENU', '/admin/salesman/sales-month-target/*.jhtml', '2', 'USE', '2016-07-20 09:31:07', '1', 'APPR');
INSERT INTO `sys_perm` VALUES ('MULTIPLE_AZM', '200902', '2016-06-15 11:09:50', '安装码', '', 'BUTTON', '', '1', 'USE', '2016-06-15 11:09:50', '0', 'SHOPS_MULTIPLE');
INSERT INTO `sys_perm` VALUES ('MULTIPLE_DDXX', '200903', '2016-06-15 11:10:22', '订单信息', '', 'BUTTON', '', '1', 'USE', '2016-06-15 11:10:22', '0', 'SHOPS_MULTIPLE');
INSERT INTO `sys_perm` VALUES ('MULTIPLE_FWPJ', '200904', '2016-06-15 11:10:54', '服务评价', '', 'BUTTON', '', '1', 'USE', '2016-06-15 11:10:54', '0', 'SHOPS_MULTIPLE');
INSERT INTO `sys_perm` VALUES ('MULTIPLE_GTRZ', '200905', '2016-06-15 11:11:29', '沟通日志', '', 'BUTTON', '', '1', 'USE', '2016-06-15 11:11:29', '0', 'SHOPS_MULTIPLE');
INSERT INTO `sys_perm` VALUES ('MULTIPLE_JBXX', '200901', '2016-06-15 10:26:32', '基本信息', '', 'BUTTON', '', '1', 'USE', '2016-06-15 10:26:32', '0', 'SHOPS_MULTIPLE');
INSERT INTO `sys_perm` VALUES ('MULTIPLE_SHCL', '200908', '2016-08-15 10:03:08', '售后处理', '', 'BUTTON', '', '1', 'USE', '2016-08-15 21:26:03', '1', 'SHOPS_MULTIPLE');
INSERT INTO `sys_perm` VALUES ('MULTIPLE_SJZT', '200906', '2016-06-15 11:12:08', '操作记录', '', 'BUTTON', '', '1', 'USE', '2016-06-15 11:12:08', '0', 'SHOPS_MULTIPLE');
INSERT INTO `sys_perm` VALUES ('MULTIPLE_WLDD', '200907', '2016-07-11 09:20:44', '物料订单', '', 'BUTTON', '', '1', 'USE', '2016-07-11 09:20:44', '0', 'SHOPS_MULTIPLE');
INSERT INTO `sys_perm` VALUES ('ORDER', '400000', '2015-12-01 16:33:51', '订单管理', '', 'MENU', '', '1', 'USE', '2016-03-29 17:32:47', '1', null);
INSERT INTO `sys_perm` VALUES ('ORDERMANU_TRS', '801500', '2016-10-19 15:42:01', '手工订单转移', '', 'BUTTON', '', '1', 'USE', '2016-10-19 15:42:18', '1', 'SYS');
INSERT INTO `sys_perm` VALUES ('ORDER_AFS', '801000', '2016-07-11 18:06:03', '退货退款权限', '', 'BUTTON', '', '1', 'USE', '2016-08-29 09:39:10', '4', 'SYS');
INSERT INTO `sys_perm` VALUES ('ORDER_ALL', '400300', '2016-05-10 20:19:36', '订单查询', '/admin/order/orders/list.jhtml', 'MENU', '/admin/order/orders/*.jhtml', '2', 'USE', '2016-05-10 20:19:36', '0', 'ORDER');
INSERT INTO `sys_perm` VALUES ('ORDER_ALL_TAG', '400303', '2016-07-13 17:10:20', '查看商家标签', '', 'BUTTON', '', '1', 'USE', '2016-09-12 16:40:19', '2', 'ORDER_ALL');
INSERT INTO `sys_perm` VALUES ('ORDER_FACTORY', '400600', '2016-08-03 10:27:17', '订单打印', '/admin/order/orders/faclist.jhtml', 'MENU', '/admin/order/orders/*.jhtml', '2', 'USE', '2016-08-29 11:31:26', '1', 'ORDER');
INSERT INTO `sys_perm` VALUES ('ORDER_FORM', '400200', '2015-12-25 17:34:39', '手工订单', '/admin/order/order-manu/list.jhtml', 'MENU', '/admin/order/order-manu/*.jhtml', '2', 'USE', '2016-03-29 17:33:54', '5', 'ORDER');
INSERT INTO `sys_perm` VALUES ('ORDER_FORM_ADD', '900201', '2015-12-25 17:40:17', '添加', '', 'BUTTON', '/admin/order/order-manu/*.jhtml', '1', 'STOP', '2016-09-21 06:54:19', '2', 'ORDER_FORM');
INSERT INTO `sys_perm` VALUES ('ORDER_FORM_EDIT', '400202', '2015-12-25 17:40:55', '编辑', '', 'BUTTON', '/admin/order/order-manu/*.jhtml', '1', 'STOP', '2016-09-21 06:59:07', '2', 'ORDER_FORM');
INSERT INTO `sys_perm` VALUES ('ORDER_FORM_STATUS', '400203', '2016-07-12 14:04:10', '修改订单状态', '', 'BUTTON', '/admin/order/order-manu/*.jhtml', '2', 'STOP', '2016-09-21 06:58:52', '2', 'ORDER_FORM');
INSERT INTO `sys_perm` VALUES ('ORDER_FORM_TAG', '400204', '2016-07-13 17:09:45', '查看商家标签', '', 'BUTTON', '', '1', 'USE', '2016-07-13 17:09:45', '0', 'ORDER_FORM');
INSERT INTO `sys_perm` VALUES ('ORDER_LIST', '400100', '2015-12-01 16:42:58', '在线订单', '/admin/order/order/list.jhtml', 'MENU', '/admin/order/*order/*.jhtml', '2', 'USE', '2016-03-29 17:33:11', '4', 'ORDER');
INSERT INTO `sys_perm` VALUES ('ORDER_LIST_ADD', '400101', '2015-12-25 17:29:38', '添加', '', 'BUTTON', '/admin/order/*order/*.jhtml', '1', 'USE', '2016-03-29 17:33:23', '1', 'ORDER_LIST');
INSERT INTO `sys_perm` VALUES ('ORDER_LIST_ASYNC', '400104', '2015-12-25 17:31:37', '同步', '', 'BUTTON', '/admin/order/*order/*.jhtml', '1', 'USE', '2016-03-29 17:33:45', '1', 'ORDER_LIST');
INSERT INTO `sys_perm` VALUES ('ORDER_LIST_EXP', '400103', '2015-12-25 17:30:59', '导出', '', 'BUTTON', '/admin/order/*order/*.jhtml', '1', 'USE', '2016-03-29 17:33:39', '1', 'ORDER_LIST');
INSERT INTO `sys_perm` VALUES ('ORDER_LIST_STATUS', '400105', '2016-07-12 14:03:33', '修改订单状态', '', 'BUTTON', '/admin/order/*order/*.jhtml', '2', 'USE', '2016-07-12 14:04:18', '1', 'ORDER_LIST');
INSERT INTO `sys_perm` VALUES ('ORDER_LIST_TAG', '400106', '2016-07-13 17:09:14', '查看商家标签', '', 'BUTTON', '', '1', 'USE', '2016-07-13 17:09:14', '0', 'ORDER_LIST');
INSERT INTO `sys_perm` VALUES ('ORDER_LIST_VIEW', '400102', '2015-12-25 17:30:23', '查看', '', 'BUTTON', '/admin/order/*order/*.jhtml', '1', 'USE', '2016-03-29 17:33:33', '1', 'ORDER_LIST');
INSERT INTO `sys_perm` VALUES ('ORDER_MATERIEL', '400700', '2016-05-23 20:37:28', '物料订单', '/admin/order/materiel-order/multipleList.jhtml', 'MENU', '/admin/order/materiel-order/*.jhtml', '2', 'USE', '2016-09-07 09:01:05', '1', 'ORDER');
INSERT INTO `sys_perm` VALUES ('PRODUCT_LIST', '700100', '2015-12-01 16:41:09', '产品管理', '/admin/product/product/list.jhtml', 'MENU', '/admin/product/product/*.jhtml', '2', 'USE', '2016-03-29 18:00:35', '3', 'APPR');
INSERT INTO `sys_perm` VALUES ('PRODUCT_LIST_ADD', '700101', '2015-12-25 17:26:32', '添加', '', 'BUTTON', '/admin/product/product/*.jhtml', '1', 'USE', '2016-03-29 18:02:12', '1', 'PRODUCT_LIST');
INSERT INTO `sys_perm` VALUES ('PRODUCT_LIST_DEL', '700102', '2015-12-25 17:27:14', '删除', '', 'BUTTON', '/admin/product/product/*.jhtml', '1', 'USE', '2016-03-29 18:02:25', '1', 'PRODUCT_LIST');
INSERT INTO `sys_perm` VALUES ('PRODUCT_STOCK', '700200', '2016-08-15 09:07:25', '库存管理', '/admin/product/product-stock/list.jhtml', 'MENU', '/admin/product/product-stock/*.jhtml', '2', 'USE', '2016-08-15 17:16:04', '1', 'APPR');
INSERT INTO `sys_perm` VALUES ('PRODUCT_STOCK_ADD', '700201', '2016-08-15 17:16:54', '添加', '', 'BUTTON', '', '1', 'USE', '2016-08-15 17:16:54', '0', 'PRODUCT_STOCK');
INSERT INTO `sys_perm` VALUES ('PRODUCT_STOCK_DEL', '700203', '2016-08-15 17:18:24', '删除', '', 'BUTTON', '', '1', 'USE', '2016-08-15 17:18:24', '0', 'PRODUCT_STOCK');
INSERT INTO `sys_perm` VALUES ('PRODUCT_STOCK_EDIT', '700202', '2016-08-15 17:17:50', '保存', '', 'BUTTON', '', '1', 'USE', '2016-08-15 17:17:50', '0', 'PRODUCT_STOCK');
INSERT INTO `sys_perm` VALUES ('REDISTR', '300203', '2016-07-04 22:16:02', '安装码重新分配审核', '', 'MENU', '/admin/clientele/clientele/*.jhtml', '2', 'USE', '2016-07-04 22:21:04', '1', 'CLIENTELE_AZMFP');
INSERT INTO `sys_perm` VALUES ('SALESMAN_LIST', '800200', '2015-11-29 20:03:17', '业务员管理', '/admin/salesman/salesman/list.jhtml', 'MENU', '/admin/salesman/salesman/*.jhtml', '2', 'USE', '2016-03-30 08:13:42', '5', 'SYS');
INSERT INTO `sys_perm` VALUES ('SALESMAN_LIST_ADD', '800201', '2015-12-25 14:30:07', '添加', '', 'BUTTON', '/admin/salesman/salesman/*.jhtml', '1', 'USE', '2016-03-29 17:51:11', '1', 'SALESMAN_LIST');
INSERT INTO `sys_perm` VALUES ('SALESMAN_LIST_DEL', '800202', '2015-12-25 14:31:39', '删除', '', 'BUTTON', '/admin/salesman/salesman/*.jhtml', '1', 'USE', '2016-03-29 17:51:22', '1', 'SALESMAN_LIST');
INSERT INTO `sys_perm` VALUES ('SALESMAN_LIST_PWD', '800203', '2015-12-25 14:31:02', '还原密码', '', 'BUTTON', '/admin/salesman/salesman/*.jhtml', '1', 'USE', '2016-03-29 17:51:56', '2', 'SALESMAN_LIST');
INSERT INTO `sys_perm` VALUES ('SALESMAN_LIST_STATUS', '800204', '2015-12-25 14:32:22', '状态更改', '', 'BUTTON', '/admin/salesman/salesman/*.jhtml', '1', 'USE', '2016-03-29 17:51:42', '1', 'SALESMAN_LIST');
INSERT INTO `sys_perm` VALUES ('SALES_SCORE', '510750', '2016-07-11 09:23:57', '积分情况分析', '/admin/analysis/assessment/scoreList.jhtml', 'MENU', '/admin/analysis/assessment/*.jhtml', '2', 'USE', '2016-07-19 11:21:55', '1', 'DATAT');
INSERT INTO `sys_perm` VALUES ('SALE_CONFIRM', '400302', '2016-09-05 15:36:30', '销售确认操作', '', 'BUTTON', '', '2', 'USE', '2016-09-05 15:36:30', '0', 'ORDER_ALL');
INSERT INTO `sys_perm` VALUES ('SCORE', '401000', '2016-07-11 18:13:28', '积分管理', '', 'MENU', '', '1', 'USE', '2016-07-11 18:13:28', '0', null);
INSERT INTO `sys_perm` VALUES ('SCORE_APPROVE', '401100', '2016-07-11 18:14:13', '积分审核', '/admin/shops/score-approve/apprList.jhtml', 'MENU', '/admin/shops/score-approve/*.jhtml', '2', 'USE', '2016-07-18 21:24:12', '2', 'SCORE');
INSERT INTO `sys_perm` VALUES ('SCORE_APPROVE_EDIT', '401101', '2016-09-29 11:35:57', '编辑', '', 'BUTTON', '', '1', 'USE', '2016-10-08 20:38:22', '1', 'SCORE_APPROVE');
INSERT INTO `sys_perm` VALUES ('SCORE_LIST', '401200', '2016-07-11 18:15:48', '积分中心', '/admin/shops/shops-info/scoreList.jhtml', 'MENU', '/admin/shops/shops-info/*.jhtml', '2', 'USE', '2016-07-18 21:24:20', '1', 'SCORE');
INSERT INTO `sys_perm` VALUES ('SET_MONTH_GOAL', '801300', '2016-10-19 15:45:57', '设置下月目标', '', 'BUTTON', '', '1', 'USE', '2016-10-19 15:45:57', '0', 'SYS');
INSERT INTO `sys_perm` VALUES ('SET_NOW_GOAL', '800900', '2016-10-19 15:46:41', '设置目标', '', 'BUTTON', '', '1', 'USE', '2016-10-19 15:46:41', '0', 'SYS');
INSERT INTO `sys_perm` VALUES ('SET_WEEK_GOAL', '801200', '2016-10-19 15:46:22', '设置下周目标', '', 'BUTTON', '', '2', 'USE', '2016-10-19 15:46:22', '0', 'SYS');
INSERT INTO `sys_perm` VALUES ('SHCL_CLIENTELE', '600101', '2016-08-15 21:27:23', '车主相关', '', 'BUTTON', '', '1', 'USE', '2016-08-15 21:27:23', '0', 'MESSAGE_JDSHCL');
INSERT INTO `sys_perm` VALUES ('SHCL_CLIENTELE_ADD', '600103', '2016-09-05 15:42:39', '车主售后新增', '', 'BUTTON', '', '1', 'USE', '2016-09-05 21:06:11', '2', 'MESSAGE_JDSHCL');
INSERT INTO `sys_perm` VALUES ('SHCL_CLIENTELE_EDIT', '600103', '2016-09-05 15:43:45', '车主售后编辑', '', 'BUTTON', '', '1', 'USE', '2016-09-05 21:06:18', '2', 'MESSAGE_JDSHCL');
INSERT INTO `sys_perm` VALUES ('SHCL_CLIENTELE_QX', '600109', '2016-09-18 17:46:03', '车主售后取消', '', 'BUTTON', '', '1', 'USE', '2016-09-19 08:55:10', '2', 'MESSAGE_JDSHCL');
INSERT INTO `sys_perm` VALUES ('SHCL_CLIENT_EXPORT', '600105', '2016-09-05 15:44:56', '车主售后导出', '', 'BUTTON', '', '1', 'USE', '2016-09-05 21:06:24', '1', 'MESSAGE_JDSHCL');
INSERT INTO `sys_perm` VALUES ('SHCL_EXPORT', '600108', '2016-08-08 17:58:40', '商家售后导出', '', 'BUTTON', '', '1', 'USE', '2016-09-05 16:02:30', '2', 'MESSAGE_JDSHCL');
INSERT INTO `sys_perm` VALUES ('SHCL_SHOPS', '600102', '2016-08-15 21:28:14', '商家相关', '', 'BUTTON', '', '1', 'USE', '2016-08-15 21:28:14', '0', 'MESSAGE_JDSHCL');
INSERT INTO `sys_perm` VALUES ('SHCL_SHOPS_ADD', '600106', '2016-09-05 15:56:24', '商家售后新增', '', 'BUTTON', '', '1', 'USE', '2016-09-05 21:06:33', '2', 'MESSAGE_JDSHCL');
INSERT INTO `sys_perm` VALUES ('SHCL_SHOPS_EDIT', '600107', '2016-09-05 15:57:46', '商家售后编辑', '', 'BUTTON', '', '1', 'USE', '2016-09-05 21:06:42', '1', 'MESSAGE_JDSHCL');
INSERT INTO `sys_perm` VALUES ('SHCL_SHOPS_QX', '600110', '2016-09-18 17:46:41', '商家售后取消', '', 'BUTTON', '', '1', 'USE', '2016-09-19 08:55:17', '2', 'MESSAGE_JDSHCL');
INSERT INTO `sys_perm` VALUES ('SHOPAZM', '210100', '2015-12-01 16:27:41', '商家安装码', '/admin/shops/shops-info/shopsList.jhtml', 'MENU', '/admin/shops/shops-info/*.jhtml', '2', 'USE', '2016-05-03 16:07:13', '4', 'SHOPR');
INSERT INTO `sys_perm` VALUES ('SHOPAZM_VIEW', '200501', '2015-12-25 17:00:15', '查看', '', 'BUTTON', '/admin/shops/shops-info/*.jhtml', '1', 'USE', '2016-03-29 17:26:30', '2', 'SHOPAZM');
INSERT INTO `sys_perm` VALUES ('SHOPE', '220000', '2016-05-03 16:01:10', '推广促销', '', 'MENU', '', '1', 'STOP', '2016-07-12 09:03:23', '3', null);
INSERT INTO `sys_perm` VALUES ('SHOPR', '210000', '2016-05-03 15:59:45', '商家相关', '', 'MENU', '', '1', 'USE', '2016-05-03 19:22:15', '2', null);
INSERT INTO `sys_perm` VALUES ('SHOPRZ', '200100', '2015-12-01 16:26:51', '商家认证审核', '/admin/shops/shops-info/approve.jhtml', 'MENU', '/admin/shops/shops-info/*.jhtml', '2', 'USE', '2016-05-03 19:22:46', '6', 'SHOPS');
INSERT INTO `sys_perm` VALUES ('SHOPRZ_EXP', '200102', '2015-12-25 15:13:16', '导出', '', 'BUTTON', '/admin/shops/shops-info/*.jhtml', '1', 'USE', '2016-03-29 17:23:13', '2', 'SHOPRZ');
INSERT INTO `sys_perm` VALUES ('SHOPRZ_RZ', '200101', '2015-12-25 15:12:39', '认证', '', 'BUTTON', '/admin/shops/shops-info/*.jhtml', '1', 'USE', '2016-03-29 17:23:08', '2', 'SHOPRZ');
INSERT INTO `sys_perm` VALUES ('SHOPS', '200000', '2015-11-30 13:51:43', '商家基本信息', '', 'MENU', '', '1', 'USE', '2016-05-03 19:22:04', '5', null);
INSERT INTO `sys_perm` VALUES ('SHOPSTX_BATCH_QR', '200805', '2016-09-12 16:38:31', '批量确认', '', 'BUTTON', '', '1', 'USE', '2016-09-12 21:32:08', '1', 'SHOPTX_HK');
INSERT INTO `sys_perm` VALUES ('SHOPS_APRS', '600200', '2016-04-07 19:47:41', '商家服务评价', '/admin/shops/appraise/list.jhtml', 'MENU', '/admin/shops/appraise/**.jhtml', '2', 'USE', '2016-06-04 12:55:18', '9', 'MESSAGE');
INSERT INTO `sys_perm` VALUES ('SHOPS_CLIENT', '210600', '2016-05-03 10:47:00', '商家客户查询', '/admin/shops/shops-client/list.jhtml', 'MENU', '/admin/shops/shops-client/*.jhtml', '2', 'USE', '2016-05-03 16:09:04', '4', 'SHOPR');
INSERT INTO `sys_perm` VALUES ('SHOPS_COMBINE', '200411', '2016-05-23 20:38:15', '商家合并', '', 'BUTTON', '', '1', 'USE', '2016-05-23 20:38:15', '0', 'SJZHCX');
INSERT INTO `sys_perm` VALUES ('SHOPS_COMM', '210300', '2016-04-29 14:31:28', '商家沟通记录', '/admin/shops/shops-comm/allList.jhtml', 'MENU', '/admin/shops/shops-comm/*.jhtml', '2', 'USE', '2016-05-03 16:07:53', '5', 'SHOPR');
INSERT INTO `sys_perm` VALUES ('SHOPS_COMM_EXP', '210301', '2016-09-05 16:06:10', '导出', '', 'BUTTON', '', '1', 'USE', '2016-09-05 21:05:48', '2', 'SHOPS_COMM');
INSERT INTO `sys_perm` VALUES ('SHOPS_DISTR', '210700', '2016-06-17 22:40:48', '分销商查询', '/admin/shops/distributor/list.jhtml', 'MENU', '/admin/shops/distributor/*.jhtml', '2', 'USE', '2016-06-17 22:40:48', '0', 'SHOPR');
INSERT INTO `sys_perm` VALUES ('SHOPS_DIVISION', '520100', '2016-06-13 22:11:23', '区域商家情况', '/admin/analysis/analysis/shopsDivision.jhtml', 'MENU', '/admin/analysis/analysis/*.jhtml', '2', 'USE', '2016-07-26 09:12:43', '6', 'SYS_CAL');
INSERT INTO `sys_perm` VALUES ('SHOPS_FOCUS', '210220', '2016-04-28 17:06:47', '我关注的商家', '/admin/shops/shops-focus/list.jhtml', 'MENU', '/admin/shops/shops-focus/*.jhtml', '2', 'USE', '2016-05-03 16:07:34', '3', 'SHOPR');
INSERT INTO `sys_perm` VALUES ('SHOPS_LIST', '200200', '2015-11-30 13:53:31', '认证商家查询', '/admin/shops/shops-info/list.jhtml', 'MENU', '/admin/shops/shops-info/*.jhtml', '2', 'USE', '2016-05-03 19:22:52', '7', 'SHOPS');
INSERT INTO `sys_perm` VALUES ('SHOPS_LIST_EDIT', '200201', '2015-12-25 16:54:31', '编辑', '', 'BUTTON', '/admin/shops/shops-info/*.jhtml', '1', 'USE', '2016-03-29 17:23:22', '2', 'SHOPS_LIST');
INSERT INTO `sys_perm` VALUES ('SHOPS_LIST_FP', '200204', '2015-12-25 16:56:29', '分配', '', 'BUTTON', '/admin/shops/shops-info/*.jhtml', '1', 'USE', '2016-03-29 17:23:34', '3', 'SHOPS_LIST');
INSERT INTO `sys_perm` VALUES ('SHOPS_LIST_LQ', '200203', '2015-12-25 16:55:55', '领取', '', 'BUTTON', '/admin/shops/shops-info/*.jhtml', '1', 'USE', '2016-03-29 17:23:31', '2', 'SHOPS_LIST');
INSERT INTO `sys_perm` VALUES ('SHOPS_LIST_VIEW', '200202', '2015-12-25 16:55:25', '查看', '', 'BUTTON', '/admin/shops/shops-info/*.jhtml', '1', 'USE', '2016-03-29 17:23:26', '3', 'SHOPS_LIST');
INSERT INTO `sys_perm` VALUES ('SHOPS_LIST_YJ', '200205', '2015-12-25 16:56:54', '移交', '', 'BUTTON', '/admin/shops/shops-info/*.jhtml', '1', 'USE', '2016-03-29 17:23:40', '2', 'SHOPS_LIST');
INSERT INTO `sys_perm` VALUES ('SHOPS_MULTIPLE', '200900', '2016-06-15 10:23:53', '商家综合信息', '', 'BUTTON', '', '1', 'USE', '2016-06-15 10:24:20', '1', 'SHOPS');
INSERT INTO `sys_perm` VALUES ('SHOPS_OFF_SCORE', '210100', '2016-09-12 17:11:32', '商家线下销售情况', '/admin/shops/shops-user-score/shopsScore.jhtml', 'MENU', '/admin/shops/shops-user-score/*.jhtml', '2', 'USE', '2016-09-12 21:32:31', '1', 'SHOPR');
INSERT INTO `sys_perm` VALUES ('SHOPS_USER', '210500', '2016-04-18 16:29:11', '商家技工查询', '/admin/shops/shops-user/list.jhtml', 'MENU', '/admin/shops/shops-user/**', '2', 'USE', '2016-05-03 19:18:39', '4', 'SHOPR');
INSERT INTO `sys_perm` VALUES ('SHOPS_WAIT_ACTIVE', '520200', '2016-07-16 17:05:17', '激活商家跟踪', '/admin/analysis/assessment/shopsList.jhtml', 'MENU', '/admin/analysis/assessment/*.jhtml', '2', 'USE', '2016-07-26 09:13:14', '4', 'SYS_CAL');
INSERT INTO `sys_perm` VALUES ('SHOPTX', '200700', '2015-12-01 16:30:29', '商家提现查询', '/admin/shops/install-code/list.jhtml', 'MENU', '/admin/shops/install-code/*.jhtml', '2', 'USE', '2016-05-03 19:23:57', '5', 'SHOPS');
INSERT INTO `sys_perm` VALUES ('SHOPTXSH', '200600', '2015-12-01 16:28:28', '商家提现审核', '/admin/shops/install-code/apprList.jhtml', 'MENU', '/admin/shops/install-code/*.jhtml', '2', 'USE', '2016-05-03 19:23:48', '5', 'SHOPS');
INSERT INTO `sys_perm` VALUES ('SHOPTXSH_TXSH', '200601', '2015-12-25 17:03:01', '提现审核', '', 'BUTTON', '/admin/shops/install-code/*.jhtml', '1', 'USE', '2016-03-29 17:26:50', '1', 'SHOPTXSH');
INSERT INTO `sys_perm` VALUES ('SHOPTX_BATCH_FAIL', '200802', '2016-09-12 16:09:04', '批量汇款失败', '', 'BUTTON', '', '1', 'USE', '2016-09-12 21:31:33', '1', 'SHOPTX_HK');
INSERT INTO `sys_perm` VALUES ('SHOPTX_BATCH_SUCCESS', '200801', '2016-09-12 16:07:57', '批量汇款成功', '', 'BUTTON', '', '1', 'USE', '2016-09-12 21:31:21', '1', 'SHOPTX_HK');
INSERT INTO `sys_perm` VALUES ('SHOPTX_EDIT', '200701', '2015-12-25 17:05:23', '编辑', '', 'BUTTON', '/admin/shops/install-code/*.jhtml', '1', 'USE', '2016-03-29 17:27:38', '1', 'SHOPTX');
INSERT INTO `sys_perm` VALUES ('SHOPTX_EXP', '200703', '2015-12-25 17:06:24', '导出', '', 'BUTTON', '/admin/shops/install-code/*.jhtml', '1', 'USE', '2016-03-29 17:27:53', '1', 'SHOPTX');
INSERT INTO `sys_perm` VALUES ('SHOPTX_HK', '200800', '2016-08-22 16:14:54', '商家提现汇款', '/admin/shops/install-code/remitList.jhtml', 'MENU', '/admin/shops/install-code/*.jhtml', '2', 'USE', '2016-08-23 21:30:08', '1', 'SHOPS');
INSERT INTO `sys_perm` VALUES ('SHOPTX_HK_EXPORT', '200803', '2016-09-12 16:09:34', '导出', '', 'BUTTON', '', '1', 'USE', '2016-09-12 21:31:42', '1', 'SHOPTX_HK');
INSERT INTO `sys_perm` VALUES ('SHOPTX_HK_MODIFY', '200806', '2016-09-12 16:38:56', '汇款状态变更', '', 'BUTTON', '', '1', 'USE', '2016-09-12 21:32:16', '1', 'SHOPTX_HK');
INSERT INTO `sys_perm` VALUES ('SHOPTX_HK_UPLOAD', '200804', '2016-09-12 16:37:56', '上传汇款凭证', '', 'BUTTON', '', '1', 'USE', '2016-09-12 21:31:56', '1', 'SHOPTX_HK');
INSERT INTO `sys_perm` VALUES ('SHOPTX_QR', '200702', '2016-08-23 18:16:09', '确认', '', 'BUTTON', '/admin/shops/install-code/*.jhtml', '2', 'USE', '2016-08-23 21:29:59', '2', 'SHOPTX');
INSERT INTO `sys_perm` VALUES ('SHOPTX_TX', '200702', '2015-12-25 17:05:51', '提现', '', 'BUTTON', '/admin/shops/install-code/*.jhtml', '1', 'USE', '2016-03-29 17:27:47', '1', 'SHOPTX');
INSERT INTO `sys_perm` VALUES ('SHOP_BLACK', '200206', '2016-06-17 22:41:55', '黑名单', '', 'BUTTON', '', '1', 'USE', '2016-06-17 22:41:55', '0', 'SHOPS_LIST');
INSERT INTO `sys_perm` VALUES ('SHOW_PRODUCT_SALES', '510700', '2016-08-29 09:36:41', '产品销量统计', '/admin/analysis/analysis/productSales.jhtml', 'MENU', '/admin/analysis/analysis/*.jhtml', '2', 'USE', '2016-08-30 12:34:16', '1', 'DATAT');
INSERT INTO `sys_perm` VALUES ('SJZHCX', '200410', '2016-04-22 10:12:13', '商家综合查询', '/admin/shops/shops-info/multipleQuery.jhtml', 'MENU', '/admin/shops/shops-info/*.jhtml', '2', 'USE', '2016-05-03 19:23:06', '2', 'SHOPS');
INSERT INTO `sys_perm` VALUES ('SMS_RECORD', '600300', '2015-12-18 14:12:05', '消息发送记录', '/admin/sms/send-to-client/list.jhtml', 'MENU', '/admin/sms/send-to-client/*.jhtml', '2', 'USE', '2016-06-04 12:56:03', '5', 'MESSAGE');
INSERT INTO `sys_perm` VALUES ('SMS_TEMPLATE', '700300', '2015-12-18 14:16:29', '短信模板', '/admin/sms/sms-template/list.jhtml', 'MENU', '/admin/sms/sms-template/*.jhtml', '2', 'USE', '2016-03-29 17:59:39', '1', 'APPR');
INSERT INTO `sys_perm` VALUES ('SN', '100000', '2015-11-28 15:55:59', 'SN管理', '', 'MENU', '', '1', 'USE', '2016-03-29 17:17:59', '5', null);
INSERT INTO `sys_perm` VALUES ('SN_CODE', '100200', '2015-11-30 09:17:44', 'SN码管理', '/admin/sncode/sncode/list.jhtml', 'MENU', '/admin/sncode/sncode/*.jhtml', '2', 'USE', '2016-03-29 17:18:23', '8', 'SN');
INSERT INTO `sys_perm` VALUES ('SN_CODE_EDIT', '100201', '2015-12-25 15:03:45', '编辑', '', 'BUTTON', '/admin/sncode/sncode/*.jhtml', '1', 'USE', '2016-03-29 17:18:28', '1', 'SN_CODE');
INSERT INTO `sys_perm` VALUES ('SN_CODE_EXP', '100202', '2015-12-25 15:04:39', '导出', '', 'BUTTON', '/admin/sncode/sncode/*.jhtml', '1', 'USE', '2016-03-29 17:18:31', '1', 'SN_CODE');
INSERT INTO `sys_perm` VALUES ('SN_CODE_PRINT', '100203', '2015-12-25 15:05:10', '打印', '', 'BUTTON', '/admin/sncode/sncode/*.jhtml', '1', 'USE', '2016-03-29 17:18:36', '1', 'SN_CODE');
INSERT INTO `sys_perm` VALUES ('SN_CREATE', '100100', '2015-11-28 16:01:45', 'SN码生成', '/admin/sncode/sncreate/list.jhtml', 'MENU', '/admin/sncode/sncreate/*.jhtml', '2', 'USE', '2016-03-29 17:18:06', '8', 'SN');
INSERT INTO `sys_perm` VALUES ('SN_CREATE_ADD', '500101', '2015-12-25 14:55:32', '生成规则', '', 'BUTTON', '/admin/sncode/sncreate/*.jhtml', '1', 'USE', '2015-12-25 14:55:32', '0', 'SN_CREATE');
INSERT INTO `sys_perm` VALUES ('SN_CREATE_SC', '100102', '2015-12-25 14:58:29', '生成SN码', '', 'BUTTON', '/admin/sncode/sncreate/*.jhtml', '1', 'USE', '2016-03-29 17:18:19', '2', 'SN_CREATE');
INSERT INTO `sys_perm` VALUES ('SYS', '800000', '2015-11-28 11:29:20', '系统管理', '', 'MENU', '', '1', 'USE', '2016-03-29 17:37:45', '2', null);
INSERT INTO `sys_perm` VALUES ('SYSTEM_USER', '520300', '2016-07-25 21:32:34', '系统使用统计', '/admin/analysis/assessment/countUses.jhtml', 'MENU', '/admin/analysis/assessment/*.jhtml', '2', 'USE', '2016-07-26 09:13:43', '2', 'SYS_CAL');
INSERT INTO `sys_perm` VALUES ('SYS_CAL', '520000', '2016-07-26 09:10:04', '系统数据分析', '', 'MENU', '', '1', 'USE', '2016-07-26 09:10:04', '0', null);
INSERT INTO `sys_perm` VALUES ('SYS_DICT', '800400', '2015-12-07 13:49:26', '字典管理', '/admin/system/dict/list.jhtml', 'MENU', '/admin/system/dict/*.jhtml', '2', 'USE', '2016-03-29 17:46:57', '1', 'SYS');
INSERT INTO `sys_perm` VALUES ('SYS_DICT_ADD', '800401', '2015-12-25 14:19:38', '添加', '', 'BUTTON', '/admin/system/dict/*.jhtml', '1', 'USE', '2016-03-29 17:54:10', '1', 'SYS_DICT');
INSERT INTO `sys_perm` VALUES ('SYS_DICT_DEL', '800402', '2015-12-25 14:20:33', '删除', '', 'BUTTON', '/admin/system/dict/*.jhtml', '1', 'USE', '2016-03-29 17:54:31', '1', 'SYS_DICT');
INSERT INTO `sys_perm` VALUES ('SYS_DIVISION', '800600', '2015-12-09 10:19:21', '地区管理', '/admin/system/division/treeList.jhtml', 'MENU', '/admin/system/division/*.jhtml', '2', 'USE', '2016-03-29 17:53:35', '2', 'SYS');
INSERT INTO `sys_perm` VALUES ('SYS_FUNC', '800500', '2015-11-28 11:34:46', '菜单权限管理', '/admin/system/perm/treeList', 'MENU', '/admin/system/function/*.jhtml', '2', 'USE', '2016-03-29 17:53:18', '2', 'SYS');
INSERT INTO `sys_perm` VALUES ('SYS_FUNC_ADD', '800601', '2015-11-28 13:59:58', '添加', '', 'BUTTON', '/admin/system/function/*.jhtml', '1', 'USE', '2016-03-29 17:55:32', '3', 'SYS_FUNC');
INSERT INTO `sys_perm` VALUES ('SYS_FUNC_DEL', '800602', '2015-11-28 14:00:43', '删除', '', 'BUTTON', '/admin/system/function/*.jhtml', '1', 'USE', '2016-03-29 17:55:45', '1', 'SYS_FUNC');
INSERT INTO `sys_perm` VALUES ('SYS_LOG', '800700', '2016-01-10 23:24:13', '日志管理', '/admin/system/log/list.jhtml', 'MENU', '/admin/system/log/*.jhtml', '2', 'USE', '2016-03-29 17:53:45', '2', 'SYS');
INSERT INTO `sys_perm` VALUES ('SYS_NOTIFY_RULE', '800510', '2016-06-27 21:36:24', '提示规则管理', '/admin/system/notify-rule/list.jhtml', 'MENU', '/admin/system/notify-rule/*.jhtml', '2', 'USE', '2016-06-27 21:36:24', '0', 'SYS');
INSERT INTO `sys_perm` VALUES ('SYS_ROLE', '800400', '2015-11-28 11:33:29', '角色管理', '/admin/system/role/list.jhtml', 'MENU', '/admin/system/role/*.jhtml', '2', 'USE', '2016-03-29 17:52:53', '1', 'SYS');
INSERT INTO `sys_perm` VALUES ('SYS_ROLE_ADD', '800501', '2015-11-28 13:57:57', '添加', '', 'BUTTON', '/admin/system/role/*.jhtml', '1', 'USE', '2016-03-29 17:54:49', '2', 'SYS_ROLE');
INSERT INTO `sys_perm` VALUES ('SYS_ROLE_DEL', '200202', '2015-11-28 13:58:42', '删除', null, 'BUTTON', '/admin/system/role/*.jhtml', '1', 'USE', '2015-11-28 13:59:01', '0', 'SYS_ROLE');
INSERT INTO `sys_perm` VALUES ('SYS_ROLE_QX', '800504', '2015-10-01 14:11:28', '配置权限', '', 'BUTTON', null, '1', 'USE', '2016-03-29 17:55:13', '1', 'SYS_ROLE');
INSERT INTO `sys_perm` VALUES ('SYS_ROLE_USER', '800503', '2015-11-28 14:13:21', '配置用户', '', 'BUTTON', null, '1', 'USE', '2016-03-29 17:55:02', '1', 'SYS_ROLE');
INSERT INTO `sys_perm` VALUES ('SYS_USER', '800100', '2015-11-28 11:31:54', '用户管理', '/admin/system/user/list', 'MENU', '/admin/system/user/*.jhtml', '2', 'USE', '2016-03-29 17:38:42', '1', 'SYS');
INSERT INTO `sys_perm` VALUES ('SYS_USER_ADD', '800101', '2015-11-28 13:55:57', '添加', '', 'BUTTON', '/admin/system/user/*.jhtml', '1', 'USE', '2016-03-29 17:50:21', '1', 'SYS_USER');
INSERT INTO `sys_perm` VALUES ('SYS_USER_DEL', '800102', '2015-11-28 13:57:01', '删除', '', 'BUTTON', '/admin/system/user/*.jhtml', '1', 'USE', '2016-03-29 17:50:52', '1', 'SYS_USER');
INSERT INTO `sys_perm` VALUES ('SYS_USER_PWD', '800103', '2015-12-25 13:40:15', '还原密码', '', 'BUTTON', '/admin/system/user/*.jhtml', '1', 'USE', '2016-03-29 17:50:32', '1', 'SYS_USER');
INSERT INTO `sys_perm` VALUES ('SYS_USER_SALES', '800104', '2016-07-16 21:39:18', '用户转业务员', '', 'BUTTON', '', '2', 'USE', '2016-07-16 21:39:18', '0', 'SYS_USER');
INSERT INTO `sys_perm` VALUES ('TYRE', '900000', '2016-01-12 15:50:02', '轮胎信息', '', 'MENU', '', '1', 'USE', '2016-03-29 17:56:20', '2', null);
INSERT INTO `sys_perm` VALUES ('TYRE_INFO', '900200', '2016-01-19 14:34:23', '轮胎信息', '/admin/tyre/tyre-info/list.jhtml', 'MENU', '/admin/tyre/tyre-info/*.jhtml', '2', 'USE', '2016-03-29 17:41:12', '3', 'TYRE');
INSERT INTO `sys_perm` VALUES ('TYRE_KEYWORD', '900100', '2016-01-12 15:51:41', '关键字管理', '/admin/tyre/keyword/list.jhtml', 'MENU', '/admin/tyre/keyword/*.jhtml', '2', 'USE', '2016-03-29 17:40:57', '1', 'TYRE');
INSERT INTO `sys_perm` VALUES ('WECHAT_USER_GROUP', '800800', '2016-04-26 17:44:51', '微信用户分组', '/admin/wechat/wechat-user-group/list.jhtml', 'MENU', '/admin/wechat/wechat-user-group/*.jhtml', '2', 'USE', '2016-04-26 17:47:39', '1', 'SYS');
INSERT INTO `sys_perm` VALUES ('WECHAT_USER_GROUP_B', '800801', '2016-05-04 19:39:50', '商家历史数据分组', '', 'BUTTON', '/admin/wechat/wechat-user-group/*.jhtml', '1', 'USE', '2016-05-04 19:41:08', '1', 'WECHAT_USER_GROUP');
INSERT INTO `sys_perm` VALUES ('WECHAT_USER_GROUP_C', '800802', '2016-05-04 19:40:59', '车主历史数据分组', '', 'BUTTON', '/admin/wechat/wechat-user-group/*.jhtml', '1', 'USE', '2016-05-04 19:40:59', '0', 'WECHAT_USER_GROUP');
INSERT INTO `sys_perm` VALUES ('WECHAT_USER_GROUP_E', '800803', '2016-05-04 19:41:46', '技工历史数据分组', '', 'BUTTON', '/admin/wechat/wechat-user-group/*.jhtml', '1', 'USE', '2016-05-04 19:41:46', '0', 'WECHAT_USER_GROUP');
INSERT INTO `sys_perm` VALUES ('WECHAT_VIEW', '500720', '2016-07-04 20:58:36', '微信组查看', '', 'BUTTON', '', '1', 'USE', '2016-07-04 20:58:36', '0', 'ASSESSMENT_LIST');
INSERT INTO `sys_perm` VALUES ('WELCOME_SHOW', '800900', '2016-08-03 18:31:54', '首页统计', '', 'BUTTON', '', '2', 'USE', '2016-08-04 21:45:39', '3', 'SYS');
INSERT INTO `sys_perm` VALUES ('WILL', '200300', '2016-03-20 09:39:17', '意向商家管理', '/admin/shops/shops-info/willList.jhtml', 'MENU', '/admin/shops/shops-info/*.jhtml', '2', 'USE', '2016-05-03 19:22:57', '6', 'SHOPS');
INSERT INTO `sys_perm` VALUES ('WILL_BLACK', '200307', '2016-06-17 23:12:10', '黑名单', '', 'BUTTON', '', '1', 'USE', '2016-06-17 23:12:10', '0', 'WILL');
INSERT INTO `sys_perm` VALUES ('WILL_EDIT', '200301', '2016-03-30 09:48:13', '编辑', '', 'BUTTON', '/admin/shops/shops-info/*.jhtml', '1', 'USE', '2016-04-08 21:34:18', '2', 'WILL');
INSERT INTO `sys_perm` VALUES ('WILL_FP', '200304', '2016-04-08 21:30:19', '分配', '', 'BUTTON', '/admin/shops/shops-info/*.jhtml', '1', 'USE', '2016-04-08 21:44:38', '4', 'WILL');
INSERT INTO `sys_perm` VALUES ('WILL_IMPORT', '200306', '2016-03-30 09:48:44', '导入', '', 'BUTTON', '/admin/shops/shops-info/*.jhtml', '1', 'USE', '2016-04-08 21:35:23', '3', 'WILL');
INSERT INTO `sys_perm` VALUES ('WILL_LQ', '200303', '2016-04-08 21:29:41', '领取', '', 'BUTTON', '/admin/shops/shops-info/*.jhtml', '1', 'USE', '2016-04-08 21:44:31', '3', 'WILL');
INSERT INTO `sys_perm` VALUES ('WILL_VIEW', '200302', '2016-04-08 21:28:44', '查看', '', 'BUTTON', '/admin/shops/shops-info/*.jhtml', '1', 'USE', '2016-04-08 21:44:15', '4', 'WILL');
INSERT INTO `sys_perm` VALUES ('WILL_YJ', '200305', '2016-04-08 21:30:48', '移交', '', 'BUTTON', '/admin/shops/shops-info/*.jhtml', '1', 'USE', '2016-04-08 21:35:10', '1', 'WILL');
INSERT INTO `sys_perm` VALUES ('WXUSER', '800300', '2015-12-01 16:34:23', '微信用户', '/admin/wechat/wechat-users/list.jhtml', 'MENU', '/admin/wechat/wechat-users/*.jhtml', '2', 'USE', '2016-04-06 09:14:28', '7', 'SYS');
INSERT INTO `sys_perm` VALUES ('WXUSER_LIST', '800300', '2015-12-01 16:43:56', '微信用户列表', '/admin/wechat/wechat-users/list.jhtml', 'MENU', '/admin/wechat/wechat-users/*.jhtml', '2', 'USE', '2016-03-29 17:52:36', '2', 'WXUSER');

-- ----------------------------
-- Table structure for sys_role
-- ----------------------------
DROP TABLE IF EXISTS `sys_role`;
CREATE TABLE `sys_role` (
  `id` bigint(20) NOT NULL AUTO_INCREMENT,
  `createTime` datetime NOT NULL,
  `updateTime` datetime NOT NULL,
  `version` int(11) NOT NULL,
  `remark` varchar(1000) COLLATE utf8mb4_unicode_ci DEFAULT NULL COMMENT '备注',
  `roleName` varchar(255) COLLATE utf8mb4_unicode_ci NOT NULL COMMENT '名称',
  `state` varchar(10) COLLATE utf8mb4_unicode_ci NOT NULL COMMENT '状态',
  PRIMARY KEY (`id`)
) ENGINE=InnoDB AUTO_INCREMENT=19 DEFAULT CHARSET=utf8mb4 COLLATE=utf8mb4_unicode_ci;

-- ----------------------------
-- Records of sys_role
-- ----------------------------
INSERT INTO `sys_role` VALUES ('1', '2015-10-01 10:53:21', '2015-11-28 10:53:24', '0', '超级管理员', '超级管理员', 'USE');
INSERT INTO `sys_role` VALUES ('2', '2015-11-30 09:02:53', '2015-11-30 09:02:53', '0', '业务员', '业务员', 'USE');
INSERT INTO `sys_role` VALUES ('3', '2015-11-30 09:05:41', '2015-11-30 09:05:41', '0', '管理员', '管理员', 'USE');
INSERT INTO `sys_role` VALUES ('4', '2015-11-30 09:06:01', '2016-04-16 09:24:49', '1', '操作管理员', '操作管理员', 'USE');
INSERT INTO `sys_role` VALUES ('5', '2015-11-30 09:06:19', '2016-04-16 09:23:55', '1', '微信客服', '微信客服', 'USE');
INSERT INTO `sys_role` VALUES ('6', '2015-11-30 09:06:49', '2015-12-19 15:08:13', '1', '负责SN码生成，打印以及后续SN码返款对账', '财务', 'USE');
INSERT INTO `sys_role` VALUES ('7', '2015-11-30 09:07:09', '2015-12-19 15:08:09', '1', '海选客服', '海选客服', 'USE');
INSERT INTO `sys_role` VALUES ('8', '2016-02-19 09:17:24', '2016-02-19 09:17:24', '0', '', 'SN作废', 'USE');
INSERT INTO `sys_role` VALUES ('9', '2016-04-16 09:25:08', '2016-09-05 09:24:26', '1', 'O2O营销部售后人员', 'O2O售后员', 'USE');
INSERT INTO `sys_role` VALUES ('10', '2016-04-22 15:00:34', '2016-04-22 15:01:19', '1', '技术人员专用', '技术中心', 'USE');
INSERT INTO `sys_role` VALUES ('11', '2016-08-01 16:03:21', '2016-08-01 16:04:23', '1', '主要使用订单打印功能', '仓库人员', 'USE');
INSERT INTO `sys_role` VALUES ('12', '2016-08-01 16:04:57', '2016-08-01 16:04:57', '0', '工厂主要查看SN码、订单相关数据', '工厂管理人员', 'USE');
INSERT INTO `sys_role` VALUES ('13', '2016-08-03 21:30:26', '2016-08-04 08:38:10', '1', '主要用于分配首页数据权限', '管理层', 'USE');
INSERT INTO `sys_role` VALUES ('14', '2016-08-04 08:39:06', '2016-08-04 08:39:06', '0', '工厂订单打印人员相关', '工厂订单打印', 'USE');
INSERT INTO `sys_role` VALUES ('15', '2016-08-23 21:33:28', '2016-08-23 21:33:28', '0', '用户订单确认及提现确认', '确认操作', 'USE');
INSERT INTO `sys_role` VALUES ('16', '2016-08-30 15:12:55', '2016-08-30 15:12:55', '0', '工厂售后查看，仅用于相关人员查看今后相关问题', '工厂售后查看', 'USE');
INSERT INTO `sys_role` VALUES ('17', '2016-09-05 11:37:07', '2016-09-05 11:37:07', '0', '营销部以及工厂的售后对接', '售后监督', 'USE');
INSERT INTO `sys_role` VALUES ('18', '2016-09-05 21:07:58', '2016-09-05 21:07:58', '0', '用于分配沟通记录导出海选商家的权限', '海选组长', 'USE');

-- ----------------------------
-- Table structure for sys_role_perm
-- ----------------------------
DROP TABLE IF EXISTS `sys_role_perm`;
CREATE TABLE `sys_role_perm` (
  `id` bigint(20) NOT NULL AUTO_INCREMENT,
  `createTime` datetime NOT NULL,
  `updateTime` datetime NOT NULL,
  `version` int(11) NOT NULL,
  `permId` varchar(20) NOT NULL COMMENT '权限',
  `roleId` bigint(20) NOT NULL COMMENT '角色',
  PRIMARY KEY (`id`),
  KEY `FK65D5E22755605B5C` (`permId`),
  KEY `FK65D5E22759AAB598` (`roleId`),
  CONSTRAINT `sys_role_perm_ibfk_1` FOREIGN KEY (`permId`) REFERENCES `sys_function` (`funcCde`),
  CONSTRAINT `sys_role_perm_ibfk_2` FOREIGN KEY (`roleId`) REFERENCES `sys_role` (`id`)
) ENGINE=InnoDB AUTO_INCREMENT=25010 DEFAULT CHARSET=utf8mb4;

-- ----------------------------
-- Records of sys_role_perm
-- ----------------------------
INSERT INTO `sys_role_perm` VALUES ('2992', '2016-02-19 09:17:35', '2016-02-19 09:17:35', '0', 'SN', '8');
INSERT INTO `sys_role_perm` VALUES ('2993', '2016-02-19 09:17:35', '2016-02-19 09:17:35', '0', 'SN_CODE', '8');
INSERT INTO `sys_role_perm` VALUES ('2994', '2016-02-19 09:17:35', '2016-02-19 09:17:35', '0', 'SN_CODE_EDIT', '8');
INSERT INTO `sys_role_perm` VALUES ('10920', '2016-07-05 09:28:06', '2016-07-05 09:28:06', '0', 'SN', '5');
INSERT INTO `sys_role_perm` VALUES ('10921', '2016-07-05 09:28:06', '2016-07-05 09:28:06', '0', 'SN_CODE', '5');
INSERT INTO `sys_role_perm` VALUES ('10922', '2016-07-05 09:28:06', '2016-07-05 09:28:06', '0', 'SHOPS', '5');
INSERT INTO `sys_role_perm` VALUES ('10923', '2016-07-05 09:28:06', '2016-07-05 09:28:06', '0', 'SHOPS_LIST', '5');
INSERT INTO `sys_role_perm` VALUES ('10924', '2016-07-05 09:28:06', '2016-07-05 09:28:06', '0', 'SHOPS_LIST_VIEW', '5');
INSERT INTO `sys_role_perm` VALUES ('10925', '2016-07-05 09:28:06', '2016-07-05 09:28:06', '0', 'WILL', '5');
INSERT INTO `sys_role_perm` VALUES ('10926', '2016-07-05 09:28:06', '2016-07-05 09:28:06', '0', 'WILL_VIEW', '5');
INSERT INTO `sys_role_perm` VALUES ('10927', '2016-07-05 09:28:06', '2016-07-05 09:28:06', '0', 'WILL_LQ', '5');
INSERT INTO `sys_role_perm` VALUES ('10928', '2016-07-05 09:28:06', '2016-07-05 09:28:06', '0', 'WILL_FP', '5');
INSERT INTO `sys_role_perm` VALUES ('10929', '2016-07-05 09:28:06', '2016-07-05 09:28:06', '0', 'WILL_BLACK', '5');
INSERT INTO `sys_role_perm` VALUES ('10930', '2016-07-05 09:28:06', '2016-07-05 09:28:06', '0', 'AUDITION', '5');
INSERT INTO `sys_role_perm` VALUES ('10931', '2016-07-05 09:28:06', '2016-07-05 09:28:06', '0', 'AUDITION_VIEW', '5');
INSERT INTO `sys_role_perm` VALUES ('10932', '2016-07-05 09:28:06', '2016-07-05 09:28:06', '0', 'AUDITION_LQ', '5');
INSERT INTO `sys_role_perm` VALUES ('10933', '2016-07-05 09:28:06', '2016-07-05 09:28:06', '0', 'AUDITION_FP', '5');
INSERT INTO `sys_role_perm` VALUES ('10934', '2016-07-05 09:28:06', '2016-07-05 09:28:06', '0', 'SJZHCX', '5');
INSERT INTO `sys_role_perm` VALUES ('10935', '2016-07-05 09:28:06', '2016-07-05 09:28:06', '0', 'SHOPTXSH', '5');
INSERT INTO `sys_role_perm` VALUES ('10936', '2016-07-05 09:28:06', '2016-07-05 09:28:06', '0', 'SHOPS_MULTIPLE', '5');
INSERT INTO `sys_role_perm` VALUES ('10937', '2016-07-05 09:28:06', '2016-07-05 09:28:06', '0', 'MULTIPLE_JBXX', '5');
INSERT INTO `sys_role_perm` VALUES ('10938', '2016-07-05 09:28:06', '2016-07-05 09:28:06', '0', 'MULTIPLE_AZM', '5');
INSERT INTO `sys_role_perm` VALUES ('10939', '2016-07-05 09:28:06', '2016-07-05 09:28:06', '0', 'SHOPR', '5');
INSERT INTO `sys_role_perm` VALUES ('10940', '2016-07-05 09:28:06', '2016-07-05 09:28:06', '0', 'SHOPAZM', '5');
INSERT INTO `sys_role_perm` VALUES ('10941', '2016-07-05 09:28:06', '2016-07-05 09:28:06', '0', 'SHOPAZM_VIEW', '5');
INSERT INTO `sys_role_perm` VALUES ('10942', '2016-07-05 09:28:06', '2016-07-05 09:28:06', '0', 'CLIENTELE', '5');
INSERT INTO `sys_role_perm` VALUES ('10943', '2016-07-05 09:28:06', '2016-07-05 09:28:06', '0', 'CLIENTELE_INFO', '5');
INSERT INTO `sys_role_perm` VALUES ('10944', '2016-07-05 09:28:06', '2016-07-05 09:28:06', '0', 'CLIENTELE_INFO_VIEW', '5');
INSERT INTO `sys_role_perm` VALUES ('10945', '2016-07-05 09:28:06', '2016-07-05 09:28:06', '0', 'CLIENTELE_INFO_EXP', '5');
INSERT INTO `sys_role_perm` VALUES ('10946', '2016-07-05 09:28:06', '2016-07-05 09:28:06', '0', 'CLIENTELE_AZMFP', '5');
INSERT INTO `sys_role_perm` VALUES ('10947', '2016-07-05 09:28:06', '2016-07-05 09:28:06', '0', 'CLIENTELE_AZMFP_ZF', '5');
INSERT INTO `sys_role_perm` VALUES ('10948', '2016-07-05 09:28:06', '2016-07-05 09:28:06', '0', 'REDISTR', '5');
INSERT INTO `sys_role_perm` VALUES ('10949', '2016-07-05 09:28:06', '2016-07-05 09:28:06', '0', 'CLIENTELE_AZMFP_FP', '5');
INSERT INTO `sys_role_perm` VALUES ('10950', '2016-07-05 09:28:06', '2016-07-05 09:28:06', '0', 'CLIENTELE_AMZJL', '5');
INSERT INTO `sys_role_perm` VALUES ('10951', '2016-07-05 09:28:06', '2016-07-05 09:28:06', '0', 'CLIENTELE_AMZJL_COM', '5');
INSERT INTO `sys_role_perm` VALUES ('10952', '2016-07-05 09:28:06', '2016-07-05 09:28:06', '0', 'ORDER', '5');
INSERT INTO `sys_role_perm` VALUES ('10953', '2016-07-05 09:28:06', '2016-07-05 09:28:06', '0', 'ORDER_MATERIEL', '5');
INSERT INTO `sys_role_perm` VALUES ('10954', '2016-07-05 09:28:06', '2016-07-05 09:28:06', '0', 'MESSAGE', '5');
INSERT INTO `sys_role_perm` VALUES ('10955', '2016-07-05 09:28:06', '2016-07-05 09:28:06', '0', 'MESSAGE_BOARD', '5');
INSERT INTO `sys_role_perm` VALUES ('10956', '2016-07-05 09:28:06', '2016-07-05 09:28:06', '0', 'SHOPS_APRS', '5');
INSERT INTO `sys_role_perm` VALUES ('10957', '2016-07-05 09:28:06', '2016-07-05 09:28:06', '0', 'APPRAISE_RPL_RMK', '5');
INSERT INTO `sys_role_perm` VALUES ('10958', '2016-07-05 09:28:06', '2016-07-05 09:28:06', '0', 'SMS_RECORD', '5');
INSERT INTO `sys_role_perm` VALUES ('10959', '2016-07-05 09:28:06', '2016-07-05 09:28:06', '0', 'APPR', '5');
INSERT INTO `sys_role_perm` VALUES ('16022', '2016-08-03 21:31:56', '2016-08-03 21:31:56', '0', 'SHOPS', '13');
INSERT INTO `sys_role_perm` VALUES ('16023', '2016-08-03 21:31:56', '2016-08-03 21:31:56', '0', 'WELCOME_SHOW', '13');
INSERT INTO `sys_role_perm` VALUES ('16378', '2016-08-04 15:31:15', '2016-08-04 15:31:15', '0', 'ORDER', '14');
INSERT INTO `sys_role_perm` VALUES ('16379', '2016-08-04 15:31:15', '2016-08-04 15:31:15', '0', 'ORDER_FACTORY', '14');
INSERT INTO `sys_role_perm` VALUES ('16380', '2016-08-04 15:31:15', '2016-08-04 15:31:15', '0', 'APPR', '14');
INSERT INTO `sys_role_perm` VALUES ('16381', '2016-08-04 15:31:15', '2016-08-04 15:31:15', '0', 'PRODUCT_LIST', '14');
INSERT INTO `sys_role_perm` VALUES ('19392', '2016-08-18 21:41:49', '2016-08-18 21:41:49', '0', 'SN', '12');
INSERT INTO `sys_role_perm` VALUES ('19393', '2016-08-18 21:41:49', '2016-08-18 21:41:49', '0', 'SN_CODE', '12');
INSERT INTO `sys_role_perm` VALUES ('19394', '2016-08-18 21:41:49', '2016-08-18 21:41:49', '0', 'SN_CODE_EXP', '12');
INSERT INTO `sys_role_perm` VALUES ('19395', '2016-08-18 21:41:49', '2016-08-18 21:41:49', '0', 'SN_CODE_PRINT', '12');
INSERT INTO `sys_role_perm` VALUES ('19396', '2016-08-18 21:41:49', '2016-08-18 21:41:49', '0', 'ORDER', '12');
INSERT INTO `sys_role_perm` VALUES ('19397', '2016-08-18 21:41:49', '2016-08-18 21:41:49', '0', 'ORDER_ALL', '12');
INSERT INTO `sys_role_perm` VALUES ('19398', '2016-08-18 21:41:49', '2016-08-18 21:41:49', '0', 'ORDER_MATERIEL', '12');
INSERT INTO `sys_role_perm` VALUES ('19399', '2016-08-18 21:41:49', '2016-08-18 21:41:49', '0', 'ORDER_AFS', '12');
INSERT INTO `sys_role_perm` VALUES ('19400', '2016-08-18 21:41:49', '2016-08-18 21:41:49', '0', 'ORDER_FACTORY', '12');
INSERT INTO `sys_role_perm` VALUES ('19401', '2016-08-18 21:41:49', '2016-08-18 21:41:49', '0', 'MESSAGE', '12');
INSERT INTO `sys_role_perm` VALUES ('19402', '2016-08-18 21:41:49', '2016-08-18 21:41:49', '0', 'MESSAGE_JDSHCL', '12');
INSERT INTO `sys_role_perm` VALUES ('19403', '2016-08-18 21:41:49', '2016-08-18 21:41:49', '0', 'SHCL_CLIENTELE', '12');
INSERT INTO `sys_role_perm` VALUES ('19404', '2016-08-18 21:41:49', '2016-08-18 21:41:49', '0', 'SHCL_SHOPS', '12');
INSERT INTO `sys_role_perm` VALUES ('19405', '2016-08-18 21:41:49', '2016-08-18 21:41:49', '0', 'SYS', '12');
INSERT INTO `sys_role_perm` VALUES ('19406', '2016-08-18 21:41:49', '2016-08-18 21:41:49', '0', 'WELCOME_SHOW', '12');
INSERT INTO `sys_role_perm` VALUES ('20168', '2016-08-26 10:19:01', '2016-08-26 10:19:01', '0', 'SHOPS', '7');
INSERT INTO `sys_role_perm` VALUES ('20169', '2016-08-26 10:19:01', '2016-08-26 10:19:01', '0', 'SHOPS_LIST', '7');
INSERT INTO `sys_role_perm` VALUES ('20170', '2016-08-26 10:19:01', '2016-08-26 10:19:01', '0', 'SHOPS_LIST_VIEW', '7');
INSERT INTO `sys_role_perm` VALUES ('20171', '2016-08-26 10:19:01', '2016-08-26 10:19:01', '0', 'WILL', '7');
INSERT INTO `sys_role_perm` VALUES ('20172', '2016-08-26 10:19:01', '2016-08-26 10:19:01', '0', 'WILL_EDIT', '7');
INSERT INTO `sys_role_perm` VALUES ('20173', '2016-08-26 10:19:01', '2016-08-26 10:19:01', '0', 'WILL_VIEW', '7');
INSERT INTO `sys_role_perm` VALUES ('20174', '2016-08-26 10:19:01', '2016-08-26 10:19:01', '0', 'WILL_BLACK', '7');
INSERT INTO `sys_role_perm` VALUES ('20175', '2016-08-26 10:19:01', '2016-08-26 10:19:01', '0', 'AUDITION', '7');
INSERT INTO `sys_role_perm` VALUES ('20176', '2016-08-26 10:19:01', '2016-08-26 10:19:01', '0', 'AUDITION_EDIT', '7');
INSERT INTO `sys_role_perm` VALUES ('20177', '2016-08-26 10:19:01', '2016-08-26 10:19:01', '0', 'AUDITION_VIEW', '7');
INSERT INTO `sys_role_perm` VALUES ('20178', '2016-08-26 10:19:01', '2016-08-26 10:19:01', '0', 'AUDITION_LQ', '7');
INSERT INTO `sys_role_perm` VALUES ('20179', '2016-08-26 10:19:01', '2016-08-26 10:19:01', '0', 'AUDITION_YJ', '7');
INSERT INTO `sys_role_perm` VALUES ('20180', '2016-08-26 10:19:01', '2016-08-26 10:19:01', '0', 'AUDITION_IMPORT', '7');
INSERT INTO `sys_role_perm` VALUES ('20181', '2016-08-26 10:19:01', '2016-08-26 10:19:01', '0', 'AUDITION_BLACK', '7');
INSERT INTO `sys_role_perm` VALUES ('20182', '2016-08-26 10:19:01', '2016-08-26 10:19:01', '0', 'AUDITION_RELEASE', '7');
INSERT INTO `sys_role_perm` VALUES ('20183', '2016-08-26 10:19:01', '2016-08-26 10:19:01', '0', 'SJZHCX', '7');
INSERT INTO `sys_role_perm` VALUES ('20184', '2016-08-26 10:19:01', '2016-08-26 10:19:01', '0', 'SHOPS_MULTIPLE', '7');
INSERT INTO `sys_role_perm` VALUES ('20185', '2016-08-26 10:19:01', '2016-08-26 10:19:01', '0', 'MULTIPLE_JBXX', '7');
INSERT INTO `sys_role_perm` VALUES ('20186', '2016-08-26 10:19:01', '2016-08-26 10:19:01', '0', 'MULTIPLE_GTRZ', '7');
INSERT INTO `sys_role_perm` VALUES ('20187', '2016-08-26 10:19:01', '2016-08-26 10:19:01', '0', 'SHOPR', '7');
INSERT INTO `sys_role_perm` VALUES ('20188', '2016-08-26 10:19:01', '2016-08-26 10:19:01', '0', 'SHOPS_COMM', '7');
INSERT INTO `sys_role_perm` VALUES ('20189', '2016-08-26 10:19:01', '2016-08-26 10:19:01', '0', 'CLIENTELE', '7');
INSERT INTO `sys_role_perm` VALUES ('20190', '2016-08-26 10:19:01', '2016-08-26 10:19:01', '0', 'CLIENTELE_AZMFP', '7');
INSERT INTO `sys_role_perm` VALUES ('20191', '2016-08-26 10:19:01', '2016-08-26 10:19:01', '0', 'ORDER', '7');
INSERT INTO `sys_role_perm` VALUES ('20192', '2016-08-26 10:19:01', '2016-08-26 10:19:01', '0', 'ORDER_MATERIEL', '7');
INSERT INTO `sys_role_perm` VALUES ('20193', '2016-08-26 10:19:01', '2016-08-26 10:19:01', '0', 'DATAT', '7');
INSERT INTO `sys_role_perm` VALUES ('20194', '2016-08-26 10:19:01', '2016-08-26 10:19:01', '0', 'ASSESSMENT_LIST', '7');
INSERT INTO `sys_role_perm` VALUES ('20195', '2016-08-26 10:19:01', '2016-08-26 10:19:01', '0', 'AUDITION_VIEWS', '7');
INSERT INTO `sys_role_perm` VALUES ('20196', '2016-08-26 10:19:01', '2016-08-26 10:19:01', '0', 'SYS_CAL', '7');
INSERT INTO `sys_role_perm` VALUES ('20197', '2016-08-26 10:19:01', '2016-08-26 10:19:01', '0', 'SHOPS_DIVISION', '7');
INSERT INTO `sys_role_perm` VALUES ('20198', '2016-08-26 10:19:01', '2016-08-26 10:19:01', '0', 'MESSAGE', '7');
INSERT INTO `sys_role_perm` VALUES ('20199', '2016-08-26 10:19:01', '2016-08-26 10:19:01', '0', 'MESSAGE_BOARD', '7');
INSERT INTO `sys_role_perm` VALUES ('20441', '2016-09-05 09:37:33', '2016-09-05 09:37:33', '0', 'ORDER', '11');
INSERT INTO `sys_role_perm` VALUES ('20442', '2016-09-05 09:37:33', '2016-09-05 09:37:33', '0', 'ORDER_FACTORY', '11');
INSERT INTO `sys_role_perm` VALUES ('20834', '2016-09-05 21:08:31', '2016-09-05 21:08:31', '0', 'SHOPR', '18');
INSERT INTO `sys_role_perm` VALUES ('20835', '2016-09-05 21:08:31', '2016-09-05 21:08:31', '0', 'SHOPS_COMM', '18');
INSERT INTO `sys_role_perm` VALUES ('20836', '2016-09-05 21:08:31', '2016-09-05 21:08:31', '0', 'SHOPS_COMM_EXP', '18');
INSERT INTO `sys_role_perm` VALUES ('20837', '2016-09-05 21:09:44', '2016-09-05 21:09:44', '0', 'MESSAGE', '9');
INSERT INTO `sys_role_perm` VALUES ('20838', '2016-09-05 21:09:44', '2016-09-05 21:09:44', '0', 'MESSAGE_JDSHCL', '9');
INSERT INTO `sys_role_perm` VALUES ('20839', '2016-09-05 21:09:44', '2016-09-05 21:09:44', '0', 'SHCL_CLIENTELE', '9');
INSERT INTO `sys_role_perm` VALUES ('20840', '2016-09-05 21:09:44', '2016-09-05 21:09:44', '0', 'SHCL_SHOPS', '9');
INSERT INTO `sys_role_perm` VALUES ('20841', '2016-09-05 21:09:44', '2016-09-05 21:09:44', '0', 'SHCL_CLIENTELE_ADD', '9');
INSERT INTO `sys_role_perm` VALUES ('20842', '2016-09-05 21:09:44', '2016-09-05 21:09:44', '0', 'SHCL_CLIENTELE_EDIT', '9');
INSERT INTO `sys_role_perm` VALUES ('20843', '2016-09-05 21:09:44', '2016-09-05 21:09:44', '0', 'SHCL_SHOPS_ADD', '9');
INSERT INTO `sys_role_perm` VALUES ('20844', '2016-09-05 21:09:44', '2016-09-05 21:09:44', '0', 'SHCL_SHOPS_EDIT', '9');
INSERT INTO `sys_role_perm` VALUES ('20845', '2016-09-05 21:09:44', '2016-09-05 21:09:44', '0', 'APPR', '9');
INSERT INTO `sys_role_perm` VALUES ('20846', '2016-09-05 21:10:43', '2016-09-05 21:10:43', '0', 'MESSAGE', '16');
INSERT INTO `sys_role_perm` VALUES ('20847', '2016-09-05 21:10:43', '2016-09-05 21:10:43', '0', 'MESSAGE_JDSHCL', '16');
INSERT INTO `sys_role_perm` VALUES ('20848', '2016-09-05 21:10:43', '2016-09-05 21:10:43', '0', 'SHCL_CLIENTELE', '16');
INSERT INTO `sys_role_perm` VALUES ('20849', '2016-09-05 21:10:43', '2016-09-05 21:10:43', '0', 'SHCL_SHOPS', '16');
INSERT INTO `sys_role_perm` VALUES ('20850', '2016-09-05 21:10:43', '2016-09-05 21:10:43', '0', 'SHCL_CLIENTELE_ADD', '16');
INSERT INTO `sys_role_perm` VALUES ('20851', '2016-09-05 21:10:43', '2016-09-05 21:10:43', '0', 'SHCL_CLIENTELE_EDIT', '16');
INSERT INTO `sys_role_perm` VALUES ('20852', '2016-09-05 21:10:43', '2016-09-05 21:10:43', '0', 'SHCL_SHOPS_ADD', '16');
INSERT INTO `sys_role_perm` VALUES ('20853', '2016-09-05 21:10:43', '2016-09-05 21:10:43', '0', 'SHCL_SHOPS_EDIT', '16');
INSERT INTO `sys_role_perm` VALUES ('22797', '2016-09-19 07:23:48', '2016-09-19 07:23:48', '0', 'SHOPS', '17');
INSERT INTO `sys_role_perm` VALUES ('22798', '2016-09-19 07:23:48', '2016-09-19 07:23:48', '0', 'SHOPS_LIST', '17');
INSERT INTO `sys_role_perm` VALUES ('22799', '2016-09-19 07:23:48', '2016-09-19 07:23:48', '0', 'SHOPS_LIST_VIEW', '17');
INSERT INTO `sys_role_perm` VALUES ('22800', '2016-09-19 07:23:48', '2016-09-19 07:23:48', '0', 'WILL', '17');
INSERT INTO `sys_role_perm` VALUES ('22801', '2016-09-19 07:23:48', '2016-09-19 07:23:48', '0', 'WILL_VIEW', '17');
INSERT INTO `sys_role_perm` VALUES ('22802', '2016-09-19 07:23:48', '2016-09-19 07:23:48', '0', 'AUDITION', '17');
INSERT INTO `sys_role_perm` VALUES ('22803', '2016-09-19 07:23:48', '2016-09-19 07:23:48', '0', 'AUDITION_VIEW', '17');
INSERT INTO `sys_role_perm` VALUES ('22804', '2016-09-19 07:23:48', '2016-09-19 07:23:48', '0', 'SJZHCX', '17');
INSERT INTO `sys_role_perm` VALUES ('22805', '2016-09-19 07:23:48', '2016-09-19 07:23:48', '0', 'ORDER', '17');
INSERT INTO `sys_role_perm` VALUES ('22806', '2016-09-19 07:23:48', '2016-09-19 07:23:48', '0', 'ORDER_ALL', '17');
INSERT INTO `sys_role_perm` VALUES ('22807', '2016-09-19 07:23:48', '2016-09-19 07:23:48', '0', 'ORDER_ALL_TAG', '17');
INSERT INTO `sys_role_perm` VALUES ('22808', '2016-09-19 07:23:48', '2016-09-19 07:23:48', '0', 'MESSAGE', '17');
INSERT INTO `sys_role_perm` VALUES ('22809', '2016-09-19 07:23:48', '2016-09-19 07:23:48', '0', 'MESSAGE_JDSHCL', '17');
INSERT INTO `sys_role_perm` VALUES ('22810', '2016-09-19 07:23:48', '2016-09-19 07:23:48', '0', 'SHCL_CLIENTELE', '17');
INSERT INTO `sys_role_perm` VALUES ('22811', '2016-09-19 07:23:48', '2016-09-19 07:23:48', '0', 'SHCL_SHOPS', '17');
INSERT INTO `sys_role_perm` VALUES ('22812', '2016-09-19 07:23:48', '2016-09-19 07:23:48', '0', 'SHCL_CLIENTELE_ADD', '17');
INSERT INTO `sys_role_perm` VALUES ('22813', '2016-09-19 07:23:48', '2016-09-19 07:23:48', '0', 'SHCL_CLIENTELE_EDIT', '17');
INSERT INTO `sys_role_perm` VALUES ('22814', '2016-09-19 07:23:48', '2016-09-19 07:23:48', '0', 'SHCL_CLIENT_EXPORT', '17');
INSERT INTO `sys_role_perm` VALUES ('22815', '2016-09-19 07:23:48', '2016-09-19 07:23:48', '0', 'SHCL_SHOPS_ADD', '17');
INSERT INTO `sys_role_perm` VALUES ('22816', '2016-09-19 07:23:48', '2016-09-19 07:23:48', '0', 'SHCL_SHOPS_EDIT', '17');
INSERT INTO `sys_role_perm` VALUES ('22817', '2016-09-19 07:23:48', '2016-09-19 07:23:48', '0', 'SHCL_EXPORT', '17');
INSERT INTO `sys_role_perm` VALUES ('22818', '2016-09-19 07:23:48', '2016-09-19 07:23:48', '0', 'SHCL_CLIENTELE_QX', '17');
INSERT INTO `sys_role_perm` VALUES ('22819', '2016-09-19 07:23:48', '2016-09-19 07:23:48', '0', 'SHCL_SHOPS_QX', '17');
INSERT INTO `sys_role_perm` VALUES ('23270', '2016-09-21 06:57:54', '2016-09-21 06:57:54', '0', 'SN', '6');
INSERT INTO `sys_role_perm` VALUES ('23271', '2016-09-21 06:57:54', '2016-09-21 06:57:54', '0', 'SN_CREATE', '6');
INSERT INTO `sys_role_perm` VALUES ('23272', '2016-09-21 06:57:54', '2016-09-21 06:57:54', '0', 'SN_CREATE_SC', '6');
INSERT INTO `sys_role_perm` VALUES ('23273', '2016-09-21 06:57:54', '2016-09-21 06:57:54', '0', 'SN_CREATE_ADD', '6');
INSERT INTO `sys_role_perm` VALUES ('23274', '2016-09-21 06:57:54', '2016-09-21 06:57:54', '0', 'SN_CODE', '6');
INSERT INTO `sys_role_perm` VALUES ('23275', '2016-09-21 06:57:54', '2016-09-21 06:57:54', '0', 'SN_CODE_EXP', '6');
INSERT INTO `sys_role_perm` VALUES ('23276', '2016-09-21 06:57:54', '2016-09-21 06:57:54', '0', 'SN_CODE_PRINT', '6');
INSERT INTO `sys_role_perm` VALUES ('23277', '2016-09-21 06:57:54', '2016-09-21 06:57:54', '0', 'SHOPS', '6');
INSERT INTO `sys_role_perm` VALUES ('23278', '2016-09-21 06:57:54', '2016-09-21 06:57:54', '0', 'SHOPS_LIST', '6');
INSERT INTO `sys_role_perm` VALUES ('23279', '2016-09-21 06:57:54', '2016-09-21 06:57:54', '0', 'SHOPS_LIST_EDIT', '6');
INSERT INTO `sys_role_perm` VALUES ('23280', '2016-09-21 06:57:54', '2016-09-21 06:57:54', '0', 'SHOPS_LIST_VIEW', '6');
INSERT INTO `sys_role_perm` VALUES ('23281', '2016-09-21 06:57:54', '2016-09-21 06:57:54', '0', 'SHOPTX', '6');
INSERT INTO `sys_role_perm` VALUES ('23282', '2016-09-21 06:57:54', '2016-09-21 06:57:54', '0', 'SHOPTX_EXP', '6');
INSERT INTO `sys_role_perm` VALUES ('23283', '2016-09-21 06:57:54', '2016-09-21 06:57:54', '0', 'SHOPTX_HK', '6');
INSERT INTO `sys_role_perm` VALUES ('23284', '2016-09-21 06:57:54', '2016-09-21 06:57:54', '0', 'SHOPTX_BATCH_SUCCESS', '6');
INSERT INTO `sys_role_perm` VALUES ('23285', '2016-09-21 06:57:54', '2016-09-21 06:57:54', '0', 'SHOPTX_BATCH_FAIL', '6');
INSERT INTO `sys_role_perm` VALUES ('23286', '2016-09-21 06:57:54', '2016-09-21 06:57:54', '0', 'SHOPTX_HK_EXPORT', '6');
INSERT INTO `sys_role_perm` VALUES ('23287', '2016-09-21 06:57:54', '2016-09-21 06:57:54', '0', 'SHOPTX_HK_UPLOAD', '6');
INSERT INTO `sys_role_perm` VALUES ('23288', '2016-09-21 06:57:54', '2016-09-21 06:57:54', '0', 'SHOPSTX_BATCH_QR', '6');
INSERT INTO `sys_role_perm` VALUES ('23289', '2016-09-21 06:57:54', '2016-09-21 06:57:54', '0', 'SHOPTX_HK_MODIFY', '6');
INSERT INTO `sys_role_perm` VALUES ('23290', '2016-09-21 06:57:54', '2016-09-21 06:57:54', '0', 'SHOPR', '6');
INSERT INTO `sys_role_perm` VALUES ('23291', '2016-09-21 06:57:54', '2016-09-21 06:57:54', '0', 'SHOPAZM', '6');
INSERT INTO `sys_role_perm` VALUES ('23292', '2016-09-21 06:57:54', '2016-09-21 06:57:54', '0', 'SHOPAZM_VIEW', '6');
INSERT INTO `sys_role_perm` VALUES ('23293', '2016-09-21 06:57:54', '2016-09-21 06:57:54', '0', 'ORDER', '6');
INSERT INTO `sys_role_perm` VALUES ('23294', '2016-09-21 06:57:54', '2016-09-21 06:57:54', '0', 'ORDER_LIST', '6');
INSERT INTO `sys_role_perm` VALUES ('23295', '2016-09-21 06:57:54', '2016-09-21 06:57:54', '0', 'ORDER_LIST_ADD', '6');
INSERT INTO `sys_role_perm` VALUES ('23296', '2016-09-21 06:57:54', '2016-09-21 06:57:54', '0', 'ORDER_LIST_VIEW', '6');
INSERT INTO `sys_role_perm` VALUES ('23297', '2016-09-21 06:57:54', '2016-09-21 06:57:54', '0', 'ORDER_LIST_EXP', '6');
INSERT INTO `sys_role_perm` VALUES ('23298', '2016-09-21 06:57:54', '2016-09-21 06:57:54', '0', 'ORDER_LIST_ASYNC', '6');
INSERT INTO `sys_role_perm` VALUES ('23299', '2016-09-21 06:57:54', '2016-09-21 06:57:54', '0', 'ORDER_FORM', '6');
INSERT INTO `sys_role_perm` VALUES ('23300', '2016-09-21 06:57:54', '2016-09-21 06:57:54', '0', 'FINANCE_CONFIRM', '6');
INSERT INTO `sys_role_perm` VALUES ('23301', '2016-09-21 06:57:54', '2016-09-21 06:57:54', '0', 'APPR', '6');
INSERT INTO `sys_role_perm` VALUES ('23896', '2016-09-21 10:08:35', '2016-09-21 10:08:35', '0', 'SHOPS', '15');
INSERT INTO `sys_role_perm` VALUES ('23897', '2016-09-21 10:08:35', '2016-09-21 10:08:35', '0', 'SHOPTX', '15');
INSERT INTO `sys_role_perm` VALUES ('23898', '2016-09-21 10:08:35', '2016-09-21 10:08:35', '0', 'SHOPTX_QR', '15');
INSERT INTO `sys_role_perm` VALUES ('23899', '2016-09-21 10:08:35', '2016-09-21 10:08:35', '0', 'SHOPTX_HK', '15');
INSERT INTO `sys_role_perm` VALUES ('23900', '2016-09-21 10:08:35', '2016-09-21 10:08:35', '0', 'ORDER', '15');
INSERT INTO `sys_role_perm` VALUES ('23901', '2016-09-21 10:08:35', '2016-09-21 10:08:35', '0', 'ORDER_LIST', '15');
INSERT INTO `sys_role_perm` VALUES ('23902', '2016-09-21 10:08:35', '2016-09-21 10:08:35', '0', 'ORDER_FORM', '15');
INSERT INTO `sys_role_perm` VALUES ('23903', '2016-09-21 10:08:35', '2016-09-21 10:08:35', '0', 'ORDER_ALL', '15');
INSERT INTO `sys_role_perm` VALUES ('23904', '2016-09-21 10:08:35', '2016-09-21 10:08:35', '0', 'DELIVERY_EXP', '15');
INSERT INTO `sys_role_perm` VALUES ('23905', '2016-09-21 10:08:35', '2016-09-21 10:08:35', '0', 'SALE_CONFIRM', '15');
INSERT INTO `sys_role_perm` VALUES ('23906', '2016-09-21 10:08:35', '2016-09-21 10:08:35', '0', 'EDIT_PAYTYPE', '15');
INSERT INTO `sys_role_perm` VALUES ('23907', '2016-09-21 10:08:44', '2016-09-21 10:08:44', '0', 'SN', '4');
INSERT INTO `sys_role_perm` VALUES ('23908', '2016-09-21 10:08:44', '2016-09-21 10:08:44', '0', 'SHOPS', '4');
INSERT INTO `sys_role_perm` VALUES ('23909', '2016-09-21 10:08:44', '2016-09-21 10:08:44', '0', 'SHOPRZ', '4');
INSERT INTO `sys_role_perm` VALUES ('23910', '2016-09-21 10:08:44', '2016-09-21 10:08:44', '0', 'SHOPS_LIST', '4');
INSERT INTO `sys_role_perm` VALUES ('23911', '2016-09-21 10:08:44', '2016-09-21 10:08:44', '0', 'SHOPS_LIST_EDIT', '4');
INSERT INTO `sys_role_perm` VALUES ('23912', '2016-09-21 10:08:44', '2016-09-21 10:08:44', '0', 'SHOPS_LIST_VIEW', '4');
INSERT INTO `sys_role_perm` VALUES ('23913', '2016-09-21 10:08:44', '2016-09-21 10:08:44', '0', 'SHOPS_LIST_YJ', '4');
INSERT INTO `sys_role_perm` VALUES ('23914', '2016-09-21 10:08:44', '2016-09-21 10:08:44', '0', 'SHOP_BLACK', '4');
INSERT INTO `sys_role_perm` VALUES ('23915', '2016-09-21 10:08:44', '2016-09-21 10:08:44', '0', 'WILL', '4');
INSERT INTO `sys_role_perm` VALUES ('23916', '2016-09-21 10:08:44', '2016-09-21 10:08:44', '0', 'WILL_EDIT', '4');
INSERT INTO `sys_role_perm` VALUES ('23917', '2016-09-21 10:08:44', '2016-09-21 10:08:44', '0', 'WILL_VIEW', '4');
INSERT INTO `sys_role_perm` VALUES ('23918', '2016-09-21 10:08:44', '2016-09-21 10:08:44', '0', 'WILL_LQ', '4');
INSERT INTO `sys_role_perm` VALUES ('23919', '2016-09-21 10:08:44', '2016-09-21 10:08:44', '0', 'WILL_FP', '4');
INSERT INTO `sys_role_perm` VALUES ('23920', '2016-09-21 10:08:44', '2016-09-21 10:08:44', '0', 'WILL_YJ', '4');
INSERT INTO `sys_role_perm` VALUES ('23921', '2016-09-21 10:08:44', '2016-09-21 10:08:44', '0', 'WILL_IMPORT', '4');
INSERT INTO `sys_role_perm` VALUES ('23922', '2016-09-21 10:08:44', '2016-09-21 10:08:44', '0', 'WILL_BLACK', '4');
INSERT INTO `sys_role_perm` VALUES ('23923', '2016-09-21 10:08:44', '2016-09-21 10:08:44', '0', 'AUDITION', '4');
INSERT INTO `sys_role_perm` VALUES ('23924', '2016-09-21 10:08:44', '2016-09-21 10:08:44', '0', 'AUDITION_EDIT', '4');
INSERT INTO `sys_role_perm` VALUES ('23925', '2016-09-21 10:08:44', '2016-09-21 10:08:44', '0', 'AUDITION_VIEW', '4');
INSERT INTO `sys_role_perm` VALUES ('23926', '2016-09-21 10:08:44', '2016-09-21 10:08:44', '0', 'AUDITION_LQ', '4');
INSERT INTO `sys_role_perm` VALUES ('23927', '2016-09-21 10:08:44', '2016-09-21 10:08:44', '0', 'AUDITION_FP', '4');
INSERT INTO `sys_role_perm` VALUES ('23928', '2016-09-21 10:08:44', '2016-09-21 10:08:44', '0', 'AUDITION_YJ', '4');
INSERT INTO `sys_role_perm` VALUES ('23929', '2016-09-21 10:08:44', '2016-09-21 10:08:44', '0', 'AUDITION_IMPORT', '4');
INSERT INTO `sys_role_perm` VALUES ('23930', '2016-09-21 10:08:44', '2016-09-21 10:08:44', '0', 'AUDITION_BLACK', '4');
INSERT INTO `sys_role_perm` VALUES ('23931', '2016-09-21 10:08:44', '2016-09-21 10:08:44', '0', 'SJZHCX', '4');
INSERT INTO `sys_role_perm` VALUES ('23932', '2016-09-21 10:08:44', '2016-09-21 10:08:44', '0', 'SHOPTXSH', '4');
INSERT INTO `sys_role_perm` VALUES ('23933', '2016-09-21 10:08:44', '2016-09-21 10:08:44', '0', 'SHOPTX', '4');
INSERT INTO `sys_role_perm` VALUES ('23934', '2016-09-21 10:08:44', '2016-09-21 10:08:44', '0', 'SHOPTX_EDIT', '4');
INSERT INTO `sys_role_perm` VALUES ('23935', '2016-09-21 10:08:44', '2016-09-21 10:08:44', '0', 'SHOPTX_TX', '4');
INSERT INTO `sys_role_perm` VALUES ('23936', '2016-09-21 10:08:44', '2016-09-21 10:08:44', '0', 'SHOPTX_EXP', '4');
INSERT INTO `sys_role_perm` VALUES ('23937', '2016-09-21 10:08:44', '2016-09-21 10:08:44', '0', 'SHOPAZM', '4');
INSERT INTO `sys_role_perm` VALUES ('23938', '2016-09-21 10:08:44', '2016-09-21 10:08:44', '0', 'SHOPAZM_VIEW', '4');
INSERT INTO `sys_role_perm` VALUES ('23939', '2016-09-21 10:08:44', '2016-09-21 10:08:44', '0', 'CLIENTELE', '4');
INSERT INTO `sys_role_perm` VALUES ('23940', '2016-09-21 10:08:44', '2016-09-21 10:08:44', '0', 'CLIENTELE_INFO', '4');
INSERT INTO `sys_role_perm` VALUES ('23941', '2016-09-21 10:08:44', '2016-09-21 10:08:44', '0', 'CLIENTELE_INFO_VIEW', '4');
INSERT INTO `sys_role_perm` VALUES ('23942', '2016-09-21 10:08:44', '2016-09-21 10:08:44', '0', 'CLIENTELE_AZMFP', '4');
INSERT INTO `sys_role_perm` VALUES ('23943', '2016-09-21 10:08:44', '2016-09-21 10:08:44', '0', 'CLIENTELE_AMZJL', '4');
INSERT INTO `sys_role_perm` VALUES ('23944', '2016-09-21 10:08:44', '2016-09-21 10:08:44', '0', 'CLIENTELE_AMZJL_EXP', '4');
INSERT INTO `sys_role_perm` VALUES ('23945', '2016-09-21 10:08:44', '2016-09-21 10:08:44', '0', 'CLIENTELE_AMZJL_PACK', '4');
INSERT INTO `sys_role_perm` VALUES ('23946', '2016-09-21 10:08:44', '2016-09-21 10:08:44', '0', 'ORDER', '4');
INSERT INTO `sys_role_perm` VALUES ('23947', '2016-09-21 10:08:44', '2016-09-21 10:08:44', '0', 'ORDER_LIST', '4');
INSERT INTO `sys_role_perm` VALUES ('23948', '2016-09-21 10:08:44', '2016-09-21 10:08:44', '0', 'ORDER_LIST_ADD', '4');
INSERT INTO `sys_role_perm` VALUES ('23949', '2016-09-21 10:08:44', '2016-09-21 10:08:44', '0', 'ORDER_LIST_VIEW', '4');
INSERT INTO `sys_role_perm` VALUES ('23950', '2016-09-21 10:08:44', '2016-09-21 10:08:44', '0', 'ORDER_LIST_EXP', '4');
INSERT INTO `sys_role_perm` VALUES ('23951', '2016-09-21 10:08:44', '2016-09-21 10:08:44', '0', 'ORDER_LIST_ASYNC', '4');
INSERT INTO `sys_role_perm` VALUES ('23952', '2016-09-21 10:08:44', '2016-09-21 10:08:44', '0', 'ORDER_LIST_STATUS', '4');
INSERT INTO `sys_role_perm` VALUES ('23953', '2016-09-21 10:08:44', '2016-09-21 10:08:44', '0', 'ORDER_FORM', '4');
INSERT INTO `sys_role_perm` VALUES ('23954', '2016-09-21 10:08:44', '2016-09-21 10:08:44', '0', 'ORDER_ALL', '4');
INSERT INTO `sys_role_perm` VALUES ('23955', '2016-09-21 10:08:44', '2016-09-21 10:08:44', '0', 'DELIVERY_EXP', '4');
INSERT INTO `sys_role_perm` VALUES ('23956', '2016-09-21 10:08:44', '2016-09-21 10:08:44', '0', 'EDIT_PAYTYPE', '4');
INSERT INTO `sys_role_perm` VALUES ('23957', '2016-09-21 10:08:44', '2016-09-21 10:08:44', '0', 'ORDER_MATERIEL', '4');
INSERT INTO `sys_role_perm` VALUES ('23958', '2016-09-21 10:08:44', '2016-09-21 10:08:44', '0', 'DATAT', '4');
INSERT INTO `sys_role_perm` VALUES ('23959', '2016-09-21 10:08:44', '2016-09-21 10:08:44', '0', 'ANALYSIS_ORDERS', '4');
INSERT INTO `sys_role_perm` VALUES ('23960', '2016-09-21 10:08:44', '2016-09-21 10:08:44', '0', 'ASSESSMENT_LIST', '4');
INSERT INTO `sys_role_perm` VALUES ('23961', '2016-09-21 10:08:44', '2016-09-21 10:08:44', '0', 'AUDITION_VIEWS', '4');
INSERT INTO `sys_role_perm` VALUES ('23962', '2016-09-21 10:08:44', '2016-09-21 10:08:44', '0', 'WECHAT_VIEW', '4');
INSERT INTO `sys_role_perm` VALUES ('23963', '2016-09-21 10:08:44', '2016-09-21 10:08:44', '0', 'BUSINESS_VIEW', '4');
INSERT INTO `sys_role_perm` VALUES ('23964', '2016-09-21 10:08:44', '2016-09-21 10:08:44', '0', 'ANALYSIS_SHOP', '4');
INSERT INTO `sys_role_perm` VALUES ('23965', '2016-09-21 10:08:44', '2016-09-21 10:08:44', '0', 'ANALYSIS_ORDER', '4');
INSERT INTO `sys_role_perm` VALUES ('23966', '2016-09-21 10:08:44', '2016-09-21 10:08:44', '0', 'ANALYSIS_HZAZD', '4');
INSERT INTO `sys_role_perm` VALUES ('23967', '2016-09-21 10:08:44', '2016-09-21 10:08:44', '0', 'MESSAGE', '4');
INSERT INTO `sys_role_perm` VALUES ('23968', '2016-09-21 10:08:44', '2016-09-21 10:08:44', '0', 'MESSAGE_JDSHCL', '4');
INSERT INTO `sys_role_perm` VALUES ('23969', '2016-09-21 10:08:44', '2016-09-21 10:08:44', '0', 'SHCL_SHOPS', '4');
INSERT INTO `sys_role_perm` VALUES ('23970', '2016-09-21 10:08:44', '2016-09-21 10:08:44', '0', 'SHCL_EXPORT', '4');
INSERT INTO `sys_role_perm` VALUES ('23971', '2016-09-21 10:08:44', '2016-09-21 10:08:44', '0', 'SHOPS_APRS', '4');
INSERT INTO `sys_role_perm` VALUES ('23972', '2016-09-21 10:08:44', '2016-09-21 10:08:44', '0', 'SMS_RECORD', '4');
INSERT INTO `sys_role_perm` VALUES ('23973', '2016-09-21 10:08:44', '2016-09-21 10:08:44', '0', 'MESSAGE_BOARD', '4');
INSERT INTO `sys_role_perm` VALUES ('23974', '2016-09-21 10:08:44', '2016-09-21 10:08:44', '0', 'APPR', '4');
INSERT INTO `sys_role_perm` VALUES ('23975', '2016-09-21 10:08:44', '2016-09-21 10:08:44', '0', 'SYS', '4');
INSERT INTO `sys_role_perm` VALUES ('23976', '2016-09-21 10:08:44', '2016-09-21 10:08:44', '0', 'SYS_DIVISION', '4');
INSERT INTO `sys_role_perm` VALUES ('23977', '2016-09-21 10:08:44', '2016-09-21 10:08:44', '0', 'DIVISIONAREA', '4');
INSERT INTO `sys_role_perm` VALUES ('23978', '2016-09-21 10:08:44', '2016-09-21 10:08:44', '0', 'ORDER_AFS', '4');
INSERT INTO `sys_role_perm` VALUES ('24171', '2016-10-08 20:38:49', '2016-10-08 20:38:49', '0', 'SHOPS', '2');
INSERT INTO `sys_role_perm` VALUES ('24172', '2016-10-08 20:38:49', '2016-10-08 20:38:49', '0', 'SHOPRZ', '2');
INSERT INTO `sys_role_perm` VALUES ('24173', '2016-10-08 20:38:49', '2016-10-08 20:38:49', '0', 'SHOPRZ_RZ', '2');
INSERT INTO `sys_role_perm` VALUES ('24174', '2016-10-08 20:38:49', '2016-10-08 20:38:49', '0', 'SHOPS_LIST', '2');
INSERT INTO `sys_role_perm` VALUES ('24175', '2016-10-08 20:38:49', '2016-10-08 20:38:49', '0', 'SHOPS_LIST_EDIT', '2');
INSERT INTO `sys_role_perm` VALUES ('24176', '2016-10-08 20:38:49', '2016-10-08 20:38:49', '0', 'SHOPS_LIST_VIEW', '2');
INSERT INTO `sys_role_perm` VALUES ('24177', '2016-10-08 20:38:49', '2016-10-08 20:38:49', '0', 'SHOPS_LIST_LQ', '2');
INSERT INTO `sys_role_perm` VALUES ('24178', '2016-10-08 20:38:49', '2016-10-08 20:38:49', '0', 'SHOPS_LIST_FP', '2');
INSERT INTO `sys_role_perm` VALUES ('24179', '2016-10-08 20:38:49', '2016-10-08 20:38:49', '0', 'SHOPS_LIST_YJ', '2');
INSERT INTO `sys_role_perm` VALUES ('24180', '2016-10-08 20:38:49', '2016-10-08 20:38:49', '0', 'SHOP_BLACK', '2');
INSERT INTO `sys_role_perm` VALUES ('24181', '2016-10-08 20:38:49', '2016-10-08 20:38:49', '0', 'WILL', '2');
INSERT INTO `sys_role_perm` VALUES ('24182', '2016-10-08 20:38:49', '2016-10-08 20:38:49', '0', 'WILL_EDIT', '2');
INSERT INTO `sys_role_perm` VALUES ('24183', '2016-10-08 20:38:49', '2016-10-08 20:38:49', '0', 'WILL_VIEW', '2');
INSERT INTO `sys_role_perm` VALUES ('24184', '2016-10-08 20:38:49', '2016-10-08 20:38:49', '0', 'WILL_LQ', '2');
INSERT INTO `sys_role_perm` VALUES ('24185', '2016-10-08 20:38:49', '2016-10-08 20:38:49', '0', 'WILL_FP', '2');
INSERT INTO `sys_role_perm` VALUES ('24186', '2016-10-08 20:38:49', '2016-10-08 20:38:49', '0', 'WILL_YJ', '2');
INSERT INTO `sys_role_perm` VALUES ('24187', '2016-10-08 20:38:49', '2016-10-08 20:38:49', '0', 'WILL_BLACK', '2');
INSERT INTO `sys_role_perm` VALUES ('24188', '2016-10-08 20:38:49', '2016-10-08 20:38:49', '0', 'AUDITION', '2');
INSERT INTO `sys_role_perm` VALUES ('24189', '2016-10-08 20:38:49', '2016-10-08 20:38:49', '0', 'AUDITION_EDIT', '2');
INSERT INTO `sys_role_perm` VALUES ('24190', '2016-10-08 20:38:49', '2016-10-08 20:38:49', '0', 'AUDITION_VIEW', '2');
INSERT INTO `sys_role_perm` VALUES ('24191', '2016-10-08 20:38:49', '2016-10-08 20:38:49', '0', 'AUDITION_LQ', '2');
INSERT INTO `sys_role_perm` VALUES ('24192', '2016-10-08 20:38:49', '2016-10-08 20:38:49', '0', 'AUDITION_FP', '2');
INSERT INTO `sys_role_perm` VALUES ('24193', '2016-10-08 20:38:49', '2016-10-08 20:38:49', '0', 'AUDITION_YJ', '2');
INSERT INTO `sys_role_perm` VALUES ('24194', '2016-10-08 20:38:49', '2016-10-08 20:38:49', '0', 'AUDITION_IMPORT', '2');
INSERT INTO `sys_role_perm` VALUES ('24195', '2016-10-08 20:38:49', '2016-10-08 20:38:49', '0', 'SJZHCX', '2');
INSERT INTO `sys_role_perm` VALUES ('24196', '2016-10-08 20:38:49', '2016-10-08 20:38:49', '0', 'SHOPS_COMBINE', '2');
INSERT INTO `sys_role_perm` VALUES ('24197', '2016-10-08 20:38:49', '2016-10-08 20:38:49', '0', 'SHOPTXSH', '2');
INSERT INTO `sys_role_perm` VALUES ('24198', '2016-10-08 20:38:49', '2016-10-08 20:38:49', '0', 'SHOPTXSH_TXSH', '2');
INSERT INTO `sys_role_perm` VALUES ('24199', '2016-10-08 20:38:49', '2016-10-08 20:38:49', '0', 'SHOPTX', '2');
INSERT INTO `sys_role_perm` VALUES ('24200', '2016-10-08 20:38:49', '2016-10-08 20:38:49', '0', 'SHOPS_MULTIPLE', '2');
INSERT INTO `sys_role_perm` VALUES ('24201', '2016-10-08 20:38:49', '2016-10-08 20:38:49', '0', 'MULTIPLE_JBXX', '2');
INSERT INTO `sys_role_perm` VALUES ('24202', '2016-10-08 20:38:49', '2016-10-08 20:38:49', '0', 'MULTIPLE_AZM', '2');
INSERT INTO `sys_role_perm` VALUES ('24203', '2016-10-08 20:38:49', '2016-10-08 20:38:49', '0', 'MULTIPLE_DDXX', '2');
INSERT INTO `sys_role_perm` VALUES ('24204', '2016-10-08 20:38:49', '2016-10-08 20:38:49', '0', 'MULTIPLE_FWPJ', '2');
INSERT INTO `sys_role_perm` VALUES ('24205', '2016-10-08 20:38:49', '2016-10-08 20:38:49', '0', 'MULTIPLE_GTRZ', '2');
INSERT INTO `sys_role_perm` VALUES ('24206', '2016-10-08 20:38:49', '2016-10-08 20:38:49', '0', 'MULTIPLE_SJZT', '2');
INSERT INTO `sys_role_perm` VALUES ('24207', '2016-10-08 20:38:49', '2016-10-08 20:38:49', '0', 'MULTIPLE_WLDD', '2');
INSERT INTO `sys_role_perm` VALUES ('24208', '2016-10-08 20:38:49', '2016-10-08 20:38:49', '0', 'MULTIPLE_SHCL', '2');
INSERT INTO `sys_role_perm` VALUES ('24209', '2016-10-08 20:38:49', '2016-10-08 20:38:49', '0', 'SHOPR', '2');
INSERT INTO `sys_role_perm` VALUES ('24210', '2016-10-08 20:38:49', '2016-10-08 20:38:49', '0', 'SHOPAZM', '2');
INSERT INTO `sys_role_perm` VALUES ('24211', '2016-10-08 20:38:49', '2016-10-08 20:38:49', '0', 'SHOPAZM_VIEW', '2');
INSERT INTO `sys_role_perm` VALUES ('24212', '2016-10-08 20:38:49', '2016-10-08 20:38:49', '0', 'SHOPS_OFF_SCORE', '2');
INSERT INTO `sys_role_perm` VALUES ('24213', '2016-10-08 20:38:49', '2016-10-08 20:38:49', '0', 'SHOPS_FOCUS', '2');
INSERT INTO `sys_role_perm` VALUES ('24214', '2016-10-08 20:38:49', '2016-10-08 20:38:49', '0', 'SHOPS_COMM', '2');
INSERT INTO `sys_role_perm` VALUES ('24215', '2016-10-08 20:38:49', '2016-10-08 20:38:49', '0', 'SHOPS_USER', '2');
INSERT INTO `sys_role_perm` VALUES ('24216', '2016-10-08 20:38:49', '2016-10-08 20:38:49', '0', 'SHOPS_CLIENT', '2');
INSERT INTO `sys_role_perm` VALUES ('24217', '2016-10-08 20:38:49', '2016-10-08 20:38:49', '0', 'COUPONSRULES', '2');
INSERT INTO `sys_role_perm` VALUES ('24218', '2016-10-08 20:38:49', '2016-10-08 20:38:49', '0', 'COUPONS', '2');
INSERT INTO `sys_role_perm` VALUES ('24219', '2016-10-08 20:38:49', '2016-10-08 20:38:49', '0', 'CLIENTELE', '2');
INSERT INTO `sys_role_perm` VALUES ('24220', '2016-10-08 20:38:49', '2016-10-08 20:38:49', '0', 'CLIENTELE_INFO', '2');
INSERT INTO `sys_role_perm` VALUES ('24221', '2016-10-08 20:38:49', '2016-10-08 20:38:49', '0', 'CLIENTELE_INFO_VIEW', '2');
INSERT INTO `sys_role_perm` VALUES ('24222', '2016-10-08 20:38:49', '2016-10-08 20:38:49', '0', 'CLIENTELE_INFO_EXP', '2');
INSERT INTO `sys_role_perm` VALUES ('24223', '2016-10-08 20:38:49', '2016-10-08 20:38:49', '0', 'CLIENTELE_AZMFP', '2');
INSERT INTO `sys_role_perm` VALUES ('24224', '2016-10-08 20:38:49', '2016-10-08 20:38:49', '0', 'CLIENTELE_AMZJL', '2');
INSERT INTO `sys_role_perm` VALUES ('24225', '2016-10-08 20:38:49', '2016-10-08 20:38:49', '0', 'CLIENTELE_AMZJL_COM', '2');
INSERT INTO `sys_role_perm` VALUES ('24226', '2016-10-08 20:38:49', '2016-10-08 20:38:49', '0', 'ORDER', '2');
INSERT INTO `sys_role_perm` VALUES ('24227', '2016-10-08 20:38:49', '2016-10-08 20:38:49', '0', 'ORDER_LIST', '2');
INSERT INTO `sys_role_perm` VALUES ('24228', '2016-10-08 20:38:49', '2016-10-08 20:38:49', '0', 'ORDER_LIST_ADD', '2');
INSERT INTO `sys_role_perm` VALUES ('24229', '2016-10-08 20:38:49', '2016-10-08 20:38:49', '0', 'ORDER_LIST_VIEW', '2');
INSERT INTO `sys_role_perm` VALUES ('24230', '2016-10-08 20:38:49', '2016-10-08 20:38:49', '0', 'ORDER_LIST_EXP', '2');
INSERT INTO `sys_role_perm` VALUES ('24231', '2016-10-08 20:38:49', '2016-10-08 20:38:49', '0', 'ORDER_LIST_ASYNC', '2');
INSERT INTO `sys_role_perm` VALUES ('24232', '2016-10-08 20:38:49', '2016-10-08 20:38:49', '0', 'ORDER_FORM', '2');
INSERT INTO `sys_role_perm` VALUES ('24233', '2016-10-08 20:38:49', '2016-10-08 20:38:49', '0', 'ORDER_FORM_TAG', '2');
INSERT INTO `sys_role_perm` VALUES ('24234', '2016-10-08 20:38:49', '2016-10-08 20:38:49', '0', 'ORDER_ALL', '2');
INSERT INTO `sys_role_perm` VALUES ('24235', '2016-10-08 20:38:49', '2016-10-08 20:38:49', '0', 'ORDER_ALL_TAG', '2');
INSERT INTO `sys_role_perm` VALUES ('24236', '2016-10-08 20:38:49', '2016-10-08 20:38:49', '0', 'ORDER_MATERIEL', '2');
INSERT INTO `sys_role_perm` VALUES ('24237', '2016-10-08 20:38:49', '2016-10-08 20:38:49', '0', 'SCORE', '2');
INSERT INTO `sys_role_perm` VALUES ('24238', '2016-10-08 20:38:49', '2016-10-08 20:38:49', '0', 'SCORE_APPROVE', '2');
INSERT INTO `sys_role_perm` VALUES ('24239', '2016-10-08 20:38:49', '2016-10-08 20:38:49', '0', 'SCORE_APPROVE_EDIT', '2');
INSERT INTO `sys_role_perm` VALUES ('24240', '2016-10-08 20:38:49', '2016-10-08 20:38:49', '0', 'SCORE_LIST', '2');
INSERT INTO `sys_role_perm` VALUES ('24241', '2016-10-08 20:38:49', '2016-10-08 20:38:49', '0', 'DATAT', '2');
INSERT INTO `sys_role_perm` VALUES ('24242', '2016-10-08 20:38:49', '2016-10-08 20:38:49', '0', 'ANALYSIS_ORDERS', '2');
INSERT INTO `sys_role_perm` VALUES ('24243', '2016-10-08 20:38:49', '2016-10-08 20:38:49', '0', 'ANALYSIS_SHOP', '2');
INSERT INTO `sys_role_perm` VALUES ('24244', '2016-10-08 20:38:49', '2016-10-08 20:38:49', '0', 'ANALYSIS_ORDER', '2');
INSERT INTO `sys_role_perm` VALUES ('24245', '2016-10-08 20:38:49', '2016-10-08 20:38:49', '0', 'ANALYSIS_HZAZD', '2');
INSERT INTO `sys_role_perm` VALUES ('24246', '2016-10-08 20:38:49', '2016-10-08 20:38:49', '0', 'SYS_CAL', '2');
INSERT INTO `sys_role_perm` VALUES ('24247', '2016-10-08 20:38:49', '2016-10-08 20:38:49', '0', 'SHOPS_DIVISION', '2');
INSERT INTO `sys_role_perm` VALUES ('24248', '2016-10-08 20:38:49', '2016-10-08 20:38:49', '0', 'MESSAGE', '2');
INSERT INTO `sys_role_perm` VALUES ('24249', '2016-10-08 20:38:49', '2016-10-08 20:38:49', '0', 'MESSAGE_JDSHCL', '2');
INSERT INTO `sys_role_perm` VALUES ('24250', '2016-10-08 20:38:49', '2016-10-08 20:38:49', '0', 'SHCL_CLIENTELE', '2');
INSERT INTO `sys_role_perm` VALUES ('24251', '2016-10-08 20:38:49', '2016-10-08 20:38:49', '0', 'SHCL_SHOPS', '2');
INSERT INTO `sys_role_perm` VALUES ('24252', '2016-10-08 20:38:49', '2016-10-08 20:38:49', '0', 'SHCL_CLIENTELE_ADD', '2');
INSERT INTO `sys_role_perm` VALUES ('24253', '2016-10-08 20:38:49', '2016-10-08 20:38:49', '0', 'SHCL_CLIENTELE_EDIT', '2');
INSERT INTO `sys_role_perm` VALUES ('24254', '2016-10-08 20:38:49', '2016-10-08 20:38:49', '0', 'SHCL_SHOPS_ADD', '2');
INSERT INTO `sys_role_perm` VALUES ('24255', '2016-10-08 20:38:49', '2016-10-08 20:38:49', '0', 'SHCL_SHOPS_EDIT', '2');
INSERT INTO `sys_role_perm` VALUES ('24256', '2016-10-08 20:38:49', '2016-10-08 20:38:49', '0', 'SHOPS_APRS', '2');
INSERT INTO `sys_role_perm` VALUES ('24257', '2016-10-08 20:38:49', '2016-10-08 20:38:49', '0', 'SMS_RECORD', '2');
INSERT INTO `sys_role_perm` VALUES ('24258', '2016-10-08 20:38:49', '2016-10-08 20:38:49', '0', 'MESSAGE_BOARD', '2');
INSERT INTO `sys_role_perm` VALUES ('24259', '2016-10-08 20:38:49', '2016-10-08 20:38:49', '0', 'APPR', '2');
INSERT INTO `sys_role_perm` VALUES ('24260', '2016-10-08 20:38:49', '2016-10-08 20:38:49', '0', 'APPR_YSH', '2');
INSERT INTO `sys_role_perm` VALUES ('24261', '2016-10-08 20:38:49', '2016-10-08 20:38:49', '0', 'APPR_YSH_VIEW', '2');
INSERT INTO `sys_role_perm` VALUES ('24262', '2016-10-08 20:39:51', '2016-10-08 20:39:51', '0', 'SN', '10');
INSERT INTO `sys_role_perm` VALUES ('24263', '2016-10-08 20:39:51', '2016-10-08 20:39:51', '0', 'SN_CREATE', '10');
INSERT INTO `sys_role_perm` VALUES ('24264', '2016-10-08 20:39:51', '2016-10-08 20:39:51', '0', 'SN_CREATE_SC', '10');
INSERT INTO `sys_role_perm` VALUES ('24265', '2016-10-08 20:39:51', '2016-10-08 20:39:51', '0', 'SN_CREATE_ADD', '10');
INSERT INTO `sys_role_perm` VALUES ('24266', '2016-10-08 20:39:51', '2016-10-08 20:39:51', '0', 'SN_CODE', '10');
INSERT INTO `sys_role_perm` VALUES ('24267', '2016-10-08 20:39:51', '2016-10-08 20:39:51', '0', 'SN_CODE_EDIT', '10');
INSERT INTO `sys_role_perm` VALUES ('24268', '2016-10-08 20:39:51', '2016-10-08 20:39:51', '0', 'SN_CODE_EXP', '10');
INSERT INTO `sys_role_perm` VALUES ('24269', '2016-10-08 20:39:51', '2016-10-08 20:39:51', '0', 'SN_CODE_PRINT', '10');
INSERT INTO `sys_role_perm` VALUES ('24270', '2016-10-08 20:39:51', '2016-10-08 20:39:51', '0', 'SHOPS', '10');
INSERT INTO `sys_role_perm` VALUES ('24271', '2016-10-08 20:39:51', '2016-10-08 20:39:51', '0', 'SHOPRZ', '10');
INSERT INTO `sys_role_perm` VALUES ('24272', '2016-10-08 20:39:51', '2016-10-08 20:39:51', '0', 'SHOPRZ_RZ', '10');
INSERT INTO `sys_role_perm` VALUES ('24273', '2016-10-08 20:39:51', '2016-10-08 20:39:51', '0', 'SHOPRZ_EXP', '10');
INSERT INTO `sys_role_perm` VALUES ('24274', '2016-10-08 20:39:51', '2016-10-08 20:39:51', '0', 'SHOPS_LIST', '10');
INSERT INTO `sys_role_perm` VALUES ('24275', '2016-10-08 20:39:51', '2016-10-08 20:39:51', '0', 'SHOPS_LIST_EDIT', '10');
INSERT INTO `sys_role_perm` VALUES ('24276', '2016-10-08 20:39:51', '2016-10-08 20:39:51', '0', 'SHOPS_LIST_VIEW', '10');
INSERT INTO `sys_role_perm` VALUES ('24277', '2016-10-08 20:39:51', '2016-10-08 20:39:51', '0', 'SHOPS_LIST_LQ', '10');
INSERT INTO `sys_role_perm` VALUES ('24278', '2016-10-08 20:39:51', '2016-10-08 20:39:51', '0', 'SHOPS_LIST_FP', '10');
INSERT INTO `sys_role_perm` VALUES ('24279', '2016-10-08 20:39:51', '2016-10-08 20:39:51', '0', 'SHOPS_LIST_YJ', '10');
INSERT INTO `sys_role_perm` VALUES ('24280', '2016-10-08 20:39:51', '2016-10-08 20:39:51', '0', 'SHOP_BLACK', '10');
INSERT INTO `sys_role_perm` VALUES ('24281', '2016-10-08 20:39:51', '2016-10-08 20:39:51', '0', 'WILL', '10');
INSERT INTO `sys_role_perm` VALUES ('24282', '2016-10-08 20:39:51', '2016-10-08 20:39:51', '0', 'WILL_EDIT', '10');
INSERT INTO `sys_role_perm` VALUES ('24283', '2016-10-08 20:39:51', '2016-10-08 20:39:51', '0', 'WILL_VIEW', '10');
INSERT INTO `sys_role_perm` VALUES ('24284', '2016-10-08 20:39:51', '2016-10-08 20:39:51', '0', 'WILL_LQ', '10');
INSERT INTO `sys_role_perm` VALUES ('24285', '2016-10-08 20:39:51', '2016-10-08 20:39:51', '0', 'WILL_FP', '10');
INSERT INTO `sys_role_perm` VALUES ('24286', '2016-10-08 20:39:51', '2016-10-08 20:39:51', '0', 'WILL_YJ', '10');
INSERT INTO `sys_role_perm` VALUES ('24287', '2016-10-08 20:39:51', '2016-10-08 20:39:51', '0', 'WILL_IMPORT', '10');
INSERT INTO `sys_role_perm` VALUES ('24288', '2016-10-08 20:39:51', '2016-10-08 20:39:51', '0', 'WILL_BLACK', '10');
INSERT INTO `sys_role_perm` VALUES ('24289', '2016-10-08 20:39:51', '2016-10-08 20:39:51', '0', 'AUDITION', '10');
INSERT INTO `sys_role_perm` VALUES ('24290', '2016-10-08 20:39:51', '2016-10-08 20:39:51', '0', 'AUDITION_EDIT', '10');
INSERT INTO `sys_role_perm` VALUES ('24291', '2016-10-08 20:39:51', '2016-10-08 20:39:51', '0', 'AUDITION_VIEW', '10');
INSERT INTO `sys_role_perm` VALUES ('24292', '2016-10-08 20:39:51', '2016-10-08 20:39:51', '0', 'AUDITION_LQ', '10');
INSERT INTO `sys_role_perm` VALUES ('24293', '2016-10-08 20:39:51', '2016-10-08 20:39:51', '0', 'AUDITION_FP', '10');
INSERT INTO `sys_role_perm` VALUES ('24294', '2016-10-08 20:39:51', '2016-10-08 20:39:51', '0', 'AUDITION_YJ', '10');
INSERT INTO `sys_role_perm` VALUES ('24295', '2016-10-08 20:39:51', '2016-10-08 20:39:51', '0', 'AUDITION_IMPORT', '10');
INSERT INTO `sys_role_perm` VALUES ('24296', '2016-10-08 20:39:51', '2016-10-08 20:39:51', '0', 'AUDITION_BLACK', '10');
INSERT INTO `sys_role_perm` VALUES ('24297', '2016-10-08 20:39:51', '2016-10-08 20:39:51', '0', 'AUDITION_RELEASE', '10');
INSERT INTO `sys_role_perm` VALUES ('24298', '2016-10-08 20:39:51', '2016-10-08 20:39:51', '0', 'SJZHCX', '10');
INSERT INTO `sys_role_perm` VALUES ('24299', '2016-10-08 20:39:51', '2016-10-08 20:39:51', '0', 'SHOPS_COMBINE', '10');
INSERT INTO `sys_role_perm` VALUES ('24300', '2016-10-08 20:39:51', '2016-10-08 20:39:51', '0', 'SHOPTXSH', '10');
INSERT INTO `sys_role_perm` VALUES ('24301', '2016-10-08 20:39:51', '2016-10-08 20:39:51', '0', 'SHOPTXSH_TXSH', '10');
INSERT INTO `sys_role_perm` VALUES ('24302', '2016-10-08 20:39:51', '2016-10-08 20:39:51', '0', 'SHOPTX', '10');
INSERT INTO `sys_role_perm` VALUES ('24303', '2016-10-08 20:39:51', '2016-10-08 20:39:51', '0', 'SHOPTX_EDIT', '10');
INSERT INTO `sys_role_perm` VALUES ('24304', '2016-10-08 20:39:51', '2016-10-08 20:39:51', '0', 'SHOPTX_QR', '10');
INSERT INTO `sys_role_perm` VALUES ('24305', '2016-10-08 20:39:51', '2016-10-08 20:39:51', '0', 'SHOPTX_TX', '10');
INSERT INTO `sys_role_perm` VALUES ('24306', '2016-10-08 20:39:51', '2016-10-08 20:39:51', '0', 'SHOPTX_EXP', '10');
INSERT INTO `sys_role_perm` VALUES ('24307', '2016-10-08 20:39:51', '2016-10-08 20:39:51', '0', 'SHOPTX_HK', '10');
INSERT INTO `sys_role_perm` VALUES ('24308', '2016-10-08 20:39:51', '2016-10-08 20:39:51', '0', 'SHOPTX_BATCH_SUCCESS', '10');
INSERT INTO `sys_role_perm` VALUES ('24309', '2016-10-08 20:39:51', '2016-10-08 20:39:51', '0', 'SHOPTX_BATCH_FAIL', '10');
INSERT INTO `sys_role_perm` VALUES ('24310', '2016-10-08 20:39:51', '2016-10-08 20:39:51', '0', 'SHOPTX_HK_EXPORT', '10');
INSERT INTO `sys_role_perm` VALUES ('24311', '2016-10-08 20:39:51', '2016-10-08 20:39:51', '0', 'SHOPTX_HK_UPLOAD', '10');
INSERT INTO `sys_role_perm` VALUES ('24312', '2016-10-08 20:39:51', '2016-10-08 20:39:51', '0', 'SHOPSTX_BATCH_QR', '10');
INSERT INTO `sys_role_perm` VALUES ('24313', '2016-10-08 20:39:51', '2016-10-08 20:39:51', '0', 'SHOPTX_HK_MODIFY', '10');
INSERT INTO `sys_role_perm` VALUES ('24314', '2016-10-08 20:39:51', '2016-10-08 20:39:51', '0', 'SHOPS_MULTIPLE', '10');
INSERT INTO `sys_role_perm` VALUES ('24315', '2016-10-08 20:39:51', '2016-10-08 20:39:51', '0', 'MULTIPLE_JBXX', '10');
INSERT INTO `sys_role_perm` VALUES ('24316', '2016-10-08 20:39:51', '2016-10-08 20:39:51', '0', 'MULTIPLE_AZM', '10');
INSERT INTO `sys_role_perm` VALUES ('24317', '2016-10-08 20:39:51', '2016-10-08 20:39:51', '0', 'MULTIPLE_DDXX', '10');
INSERT INTO `sys_role_perm` VALUES ('24318', '2016-10-08 20:39:51', '2016-10-08 20:39:51', '0', 'MULTIPLE_FWPJ', '10');
INSERT INTO `sys_role_perm` VALUES ('24319', '2016-10-08 20:39:51', '2016-10-08 20:39:51', '0', 'MULTIPLE_GTRZ', '10');
INSERT INTO `sys_role_perm` VALUES ('24320', '2016-10-08 20:39:51', '2016-10-08 20:39:51', '0', 'MULTIPLE_SJZT', '10');
INSERT INTO `sys_role_perm` VALUES ('24321', '2016-10-08 20:39:51', '2016-10-08 20:39:51', '0', 'MULTIPLE_WLDD', '10');
INSERT INTO `sys_role_perm` VALUES ('24322', '2016-10-08 20:39:51', '2016-10-08 20:39:51', '0', 'MULTIPLE_SHCL', '10');
INSERT INTO `sys_role_perm` VALUES ('24323', '2016-10-08 20:39:51', '2016-10-08 20:39:51', '0', 'SHOPR', '10');
INSERT INTO `sys_role_perm` VALUES ('24324', '2016-10-08 20:39:51', '2016-10-08 20:39:51', '0', 'SHOPAZM', '10');
INSERT INTO `sys_role_perm` VALUES ('24325', '2016-10-08 20:39:51', '2016-10-08 20:39:51', '0', 'SHOPAZM_VIEW', '10');
INSERT INTO `sys_role_perm` VALUES ('24326', '2016-10-08 20:39:51', '2016-10-08 20:39:51', '0', 'SHOPS_OFF_SCORE', '10');
INSERT INTO `sys_role_perm` VALUES ('24327', '2016-10-08 20:39:51', '2016-10-08 20:39:51', '0', 'SHOPS_FOCUS', '10');
INSERT INTO `sys_role_perm` VALUES ('24328', '2016-10-08 20:39:51', '2016-10-08 20:39:51', '0', 'SHOPS_COMM', '10');
INSERT INTO `sys_role_perm` VALUES ('24329', '2016-10-08 20:39:51', '2016-10-08 20:39:51', '0', 'SHOPS_COMM_EXP', '10');
INSERT INTO `sys_role_perm` VALUES ('24330', '2016-10-08 20:39:51', '2016-10-08 20:39:51', '0', 'SHOPS_USER', '10');
INSERT INTO `sys_role_perm` VALUES ('24331', '2016-10-08 20:39:51', '2016-10-08 20:39:51', '0', 'SHOPS_CLIENT', '10');
INSERT INTO `sys_role_perm` VALUES ('24332', '2016-10-08 20:39:51', '2016-10-08 20:39:51', '0', 'SHOPS_DISTR', '10');
INSERT INTO `sys_role_perm` VALUES ('24333', '2016-10-08 20:39:51', '2016-10-08 20:39:51', '0', 'COUPONSRULES', '10');
INSERT INTO `sys_role_perm` VALUES ('24334', '2016-10-08 20:39:51', '2016-10-08 20:39:51', '0', 'COUPONS', '10');
INSERT INTO `sys_role_perm` VALUES ('24335', '2016-10-08 20:39:51', '2016-10-08 20:39:51', '0', 'CLIENTELE', '10');
INSERT INTO `sys_role_perm` VALUES ('24336', '2016-10-08 20:39:51', '2016-10-08 20:39:51', '0', 'CLIENTELE_INFO', '10');
INSERT INTO `sys_role_perm` VALUES ('24337', '2016-10-08 20:39:51', '2016-10-08 20:39:51', '0', 'CLIENTELE_INFO_VIEW', '10');
INSERT INTO `sys_role_perm` VALUES ('24338', '2016-10-08 20:39:51', '2016-10-08 20:39:51', '0', 'CLIENTELE_INFO_EXP', '10');
INSERT INTO `sys_role_perm` VALUES ('24339', '2016-10-08 20:39:51', '2016-10-08 20:39:51', '0', 'CLIENTELE_AZMFP', '10');
INSERT INTO `sys_role_perm` VALUES ('24340', '2016-10-08 20:39:51', '2016-10-08 20:39:51', '0', 'CLIENTELE_AZMFP_ZF', '10');
INSERT INTO `sys_role_perm` VALUES ('24341', '2016-10-08 20:39:51', '2016-10-08 20:39:51', '0', 'REDISTR', '10');
INSERT INTO `sys_role_perm` VALUES ('24342', '2016-10-08 20:39:51', '2016-10-08 20:39:51', '0', 'CLIENTELE_AZMFP_FP', '10');
INSERT INTO `sys_role_perm` VALUES ('24343', '2016-10-08 20:39:51', '2016-10-08 20:39:51', '0', 'CLIENTELE_AMZJL', '10');
INSERT INTO `sys_role_perm` VALUES ('24344', '2016-10-08 20:39:51', '2016-10-08 20:39:51', '0', 'CLIENTELE_AMZJL_EXP', '10');
INSERT INTO `sys_role_perm` VALUES ('24345', '2016-10-08 20:39:51', '2016-10-08 20:39:51', '0', 'CLIENTELE_AMZJL_PACK', '10');
INSERT INTO `sys_role_perm` VALUES ('24346', '2016-10-08 20:39:51', '2016-10-08 20:39:51', '0', 'CLIENTELE_AMZJL_COM', '10');
INSERT INTO `sys_role_perm` VALUES ('24347', '2016-10-08 20:39:51', '2016-10-08 20:39:51', '0', 'ORDER', '10');
INSERT INTO `sys_role_perm` VALUES ('24348', '2016-10-08 20:39:51', '2016-10-08 20:39:51', '0', 'ORDER_LIST', '10');
INSERT INTO `sys_role_perm` VALUES ('24349', '2016-10-08 20:39:51', '2016-10-08 20:39:51', '0', 'ORDER_LIST_ADD', '10');
INSERT INTO `sys_role_perm` VALUES ('24350', '2016-10-08 20:39:51', '2016-10-08 20:39:51', '0', 'ORDER_LIST_VIEW', '10');
INSERT INTO `sys_role_perm` VALUES ('24351', '2016-10-08 20:39:51', '2016-10-08 20:39:51', '0', 'ORDER_LIST_EXP', '10');
INSERT INTO `sys_role_perm` VALUES ('24352', '2016-10-08 20:39:51', '2016-10-08 20:39:51', '0', 'ORDER_LIST_ASYNC', '10');
INSERT INTO `sys_role_perm` VALUES ('24353', '2016-10-08 20:39:51', '2016-10-08 20:39:51', '0', 'ORDER_LIST_STATUS', '10');
INSERT INTO `sys_role_perm` VALUES ('24354', '2016-10-08 20:39:51', '2016-10-08 20:39:51', '0', 'ORDER_LIST_TAG', '10');
INSERT INTO `sys_role_perm` VALUES ('24355', '2016-10-08 20:39:51', '2016-10-08 20:39:51', '0', 'ORDER_FORM', '10');
INSERT INTO `sys_role_perm` VALUES ('24356', '2016-10-08 20:39:51', '2016-10-08 20:39:51', '0', 'ORDER_ALL', '10');
INSERT INTO `sys_role_perm` VALUES ('24357', '2016-10-08 20:39:51', '2016-10-08 20:39:51', '0', 'DELIVERY_EXP', '10');
INSERT INTO `sys_role_perm` VALUES ('24358', '2016-10-08 20:39:51', '2016-10-08 20:39:51', '0', 'SALE_CONFIRM', '10');
INSERT INTO `sys_role_perm` VALUES ('24359', '2016-10-08 20:39:51', '2016-10-08 20:39:51', '0', 'ORDER_ALL_TAG', '10');
INSERT INTO `sys_role_perm` VALUES ('24360', '2016-10-08 20:39:51', '2016-10-08 20:39:51', '0', 'EDIT_PAYTYPE', '10');
INSERT INTO `sys_role_perm` VALUES ('24361', '2016-10-08 20:39:51', '2016-10-08 20:39:51', '0', 'FINANCE_CONFIRM', '10');
INSERT INTO `sys_role_perm` VALUES ('24362', '2016-10-08 20:39:51', '2016-10-08 20:39:51', '0', 'ORDER_FACTORY', '10');
INSERT INTO `sys_role_perm` VALUES ('24363', '2016-10-08 20:39:51', '2016-10-08 20:39:51', '0', 'ORDER_MATERIEL', '10');
INSERT INTO `sys_role_perm` VALUES ('24364', '2016-10-08 20:39:51', '2016-10-08 20:39:51', '0', 'SCORE', '10');
INSERT INTO `sys_role_perm` VALUES ('24365', '2016-10-08 20:39:51', '2016-10-08 20:39:51', '0', 'SCORE_APPROVE', '10');
INSERT INTO `sys_role_perm` VALUES ('24366', '2016-10-08 20:39:51', '2016-10-08 20:39:51', '0', 'SCORE_APPROVE_EDIT', '10');
INSERT INTO `sys_role_perm` VALUES ('24367', '2016-10-08 20:39:51', '2016-10-08 20:39:51', '0', 'SCORE_LIST', '10');
INSERT INTO `sys_role_perm` VALUES ('24368', '2016-10-08 20:39:51', '2016-10-08 20:39:51', '0', 'DATAT', '10');
INSERT INTO `sys_role_perm` VALUES ('24369', '2016-10-08 20:39:51', '2016-10-08 20:39:51', '0', 'ANALYSIS_ORDERS', '10');
INSERT INTO `sys_role_perm` VALUES ('24370', '2016-10-08 20:39:51', '2016-10-08 20:39:51', '0', 'ANALYSIS_COMMS', '10');
INSERT INTO `sys_role_perm` VALUES ('24371', '2016-10-08 20:39:51', '2016-10-08 20:39:51', '0', 'ASSESSMENT_LIST', '10');
INSERT INTO `sys_role_perm` VALUES ('24372', '2016-10-08 20:39:51', '2016-10-08 20:39:51', '0', 'AUDITION_VIEWS', '10');
INSERT INTO `sys_role_perm` VALUES ('24373', '2016-10-08 20:39:51', '2016-10-08 20:39:51', '0', 'WECHAT_VIEW', '10');
INSERT INTO `sys_role_perm` VALUES ('24374', '2016-10-08 20:39:51', '2016-10-08 20:39:51', '0', 'BUSINESS_VIEW', '10');
INSERT INTO `sys_role_perm` VALUES ('24375', '2016-10-08 20:39:51', '2016-10-08 20:39:51', '0', 'SHOW_PRODUCT_SALES', '10');
INSERT INTO `sys_role_perm` VALUES ('24376', '2016-10-08 20:39:51', '2016-10-08 20:39:51', '0', 'ASSESSMENT_LIST2', '10');
INSERT INTO `sys_role_perm` VALUES ('24377', '2016-10-08 20:39:51', '2016-10-08 20:39:51', '0', 'SALES_SCORE', '10');
INSERT INTO `sys_role_perm` VALUES ('24378', '2016-10-08 20:39:51', '2016-10-08 20:39:51', '0', 'AREA_SALES_INFO', '10');
INSERT INTO `sys_role_perm` VALUES ('24379', '2016-10-08 20:39:51', '2016-10-08 20:39:51', '0', 'ANALYSIS_SHOP', '10');
INSERT INTO `sys_role_perm` VALUES ('24380', '2016-10-08 20:39:51', '2016-10-08 20:39:51', '0', 'ANALYSIS_SHOP_GOAL', '10');
INSERT INTO `sys_role_perm` VALUES ('24381', '2016-10-08 20:39:51', '2016-10-08 20:39:51', '0', 'ANALYSIS_ORDER', '10');
INSERT INTO `sys_role_perm` VALUES ('24382', '2016-10-08 20:39:51', '2016-10-08 20:39:51', '0', 'ANALYSIS_ORDER_GOAL', '10');
INSERT INTO `sys_role_perm` VALUES ('24383', '2016-10-08 20:39:51', '2016-10-08 20:39:51', '0', 'ANALYSIS_HZAZD', '10');
INSERT INTO `sys_role_perm` VALUES ('24384', '2016-10-08 20:39:51', '2016-10-08 20:39:51', '0', 'ANALYSIS_SITE_GOAL', '10');
INSERT INTO `sys_role_perm` VALUES ('24385', '2016-10-08 20:39:51', '2016-10-08 20:39:51', '0', 'SYS_CAL', '10');
INSERT INTO `sys_role_perm` VALUES ('24386', '2016-10-08 20:39:51', '2016-10-08 20:39:51', '0', 'SHOPS_DIVISION', '10');
INSERT INTO `sys_role_perm` VALUES ('24387', '2016-10-08 20:39:51', '2016-10-08 20:39:51', '0', 'COUNTRY_SALES_INFO', '10');
INSERT INTO `sys_role_perm` VALUES ('24388', '2016-10-08 20:39:51', '2016-10-08 20:39:51', '0', 'SHOPS_WAIT_ACTIVE', '10');
INSERT INTO `sys_role_perm` VALUES ('24389', '2016-10-08 20:39:51', '2016-10-08 20:39:51', '0', 'SYSTEM_USER', '10');
INSERT INTO `sys_role_perm` VALUES ('24390', '2016-10-08 20:39:51', '2016-10-08 20:39:51', '0', 'MESSAGE', '10');
INSERT INTO `sys_role_perm` VALUES ('24391', '2016-10-08 20:39:51', '2016-10-08 20:39:51', '0', 'MESSAGE_JDSHCL', '10');
INSERT INTO `sys_role_perm` VALUES ('24392', '2016-10-08 20:39:51', '2016-10-08 20:39:51', '0', 'SHCL_CLIENTELE', '10');
INSERT INTO `sys_role_perm` VALUES ('24393', '2016-10-08 20:39:51', '2016-10-08 20:39:51', '0', 'SHCL_SHOPS', '10');
INSERT INTO `sys_role_perm` VALUES ('24394', '2016-10-08 20:39:52', '2016-10-08 20:39:52', '0', 'SHCL_CLIENTELE_ADD', '10');
INSERT INTO `sys_role_perm` VALUES ('24395', '2016-10-08 20:39:52', '2016-10-08 20:39:52', '0', 'SHCL_CLIENTELE_EDIT', '10');
INSERT INTO `sys_role_perm` VALUES ('24396', '2016-10-08 20:39:52', '2016-10-08 20:39:52', '0', 'SHCL_CLIENT_EXPORT', '10');
INSERT INTO `sys_role_perm` VALUES ('24397', '2016-10-08 20:39:52', '2016-10-08 20:39:52', '0', 'SHCL_SHOPS_ADD', '10');
INSERT INTO `sys_role_perm` VALUES ('24398', '2016-10-08 20:39:52', '2016-10-08 20:39:52', '0', 'SHCL_SHOPS_EDIT', '10');
INSERT INTO `sys_role_perm` VALUES ('24399', '2016-10-08 20:39:52', '2016-10-08 20:39:52', '0', 'SHCL_EXPORT', '10');
INSERT INTO `sys_role_perm` VALUES ('24400', '2016-10-08 20:39:52', '2016-10-08 20:39:52', '0', 'SHOPS_APRS', '10');
INSERT INTO `sys_role_perm` VALUES ('24401', '2016-10-08 20:39:52', '2016-10-08 20:39:52', '0', 'APPRAISE_RPL_RMK', '10');
INSERT INTO `sys_role_perm` VALUES ('24402', '2016-10-08 20:39:52', '2016-10-08 20:39:52', '0', 'SMS_RECORD', '10');
INSERT INTO `sys_role_perm` VALUES ('24403', '2016-10-08 20:39:52', '2016-10-08 20:39:52', '0', 'MESSAGE_BOARD', '10');
INSERT INTO `sys_role_perm` VALUES ('24404', '2016-10-08 20:39:52', '2016-10-08 20:39:52', '0', 'APPR', '10');
INSERT INTO `sys_role_perm` VALUES ('24405', '2016-10-08 20:39:52', '2016-10-08 20:39:52', '0', 'PRODUCT_LIST', '10');
INSERT INTO `sys_role_perm` VALUES ('24406', '2016-10-08 20:39:52', '2016-10-08 20:39:52', '0', 'PRODUCT_LIST_ADD', '10');
INSERT INTO `sys_role_perm` VALUES ('24407', '2016-10-08 20:39:52', '2016-10-08 20:39:52', '0', 'PRODUCT_LIST_DEL', '10');
INSERT INTO `sys_role_perm` VALUES ('24408', '2016-10-08 20:39:52', '2016-10-08 20:39:52', '0', 'PRODUCT_STOCK', '10');
INSERT INTO `sys_role_perm` VALUES ('24409', '2016-10-08 20:39:52', '2016-10-08 20:39:52', '0', 'PRODUCT_STOCK_ADD', '10');
INSERT INTO `sys_role_perm` VALUES ('24410', '2016-10-08 20:39:52', '2016-10-08 20:39:52', '0', 'PRODUCT_STOCK_EDIT', '10');
INSERT INTO `sys_role_perm` VALUES ('24411', '2016-10-08 20:39:52', '2016-10-08 20:39:52', '0', 'PRODUCT_STOCK_DEL', '10');
INSERT INTO `sys_role_perm` VALUES ('24412', '2016-10-08 20:39:52', '2016-10-08 20:39:52', '0', 'SMS_TEMPLATE', '10');
INSERT INTO `sys_role_perm` VALUES ('24413', '2016-10-08 20:39:52', '2016-10-08 20:39:52', '0', 'APPR_DSH', '10');
INSERT INTO `sys_role_perm` VALUES ('24414', '2016-10-08 20:39:52', '2016-10-08 20:39:52', '0', 'APPR_DSH_APPR', '10');
INSERT INTO `sys_role_perm` VALUES ('24415', '2016-10-08 20:39:52', '2016-10-08 20:39:52', '0', 'APPR_YSH', '10');
INSERT INTO `sys_role_perm` VALUES ('24416', '2016-10-08 20:39:52', '2016-10-08 20:39:52', '0', 'APPR_YSH_VIEW', '10');
INSERT INTO `sys_role_perm` VALUES ('24417', '2016-10-08 20:39:52', '2016-10-08 20:39:52', '0', 'MONTH_TARGET', '10');
INSERT INTO `sys_role_perm` VALUES ('24418', '2016-10-08 20:39:52', '2016-10-08 20:39:52', '0', 'APPR_SCORE_RULE', '10');
INSERT INTO `sys_role_perm` VALUES ('24419', '2016-10-08 20:39:52', '2016-10-08 20:39:52', '0', 'SYS', '10');
INSERT INTO `sys_role_perm` VALUES ('24420', '2016-10-08 20:39:52', '2016-10-08 20:39:52', '0', 'SYS_USER', '10');
INSERT INTO `sys_role_perm` VALUES ('24421', '2016-10-08 20:39:52', '2016-10-08 20:39:52', '0', 'SYS_USER_ADD', '10');
INSERT INTO `sys_role_perm` VALUES ('24422', '2016-10-08 20:39:52', '2016-10-08 20:39:52', '0', 'SYS_USER_DEL', '10');
INSERT INTO `sys_role_perm` VALUES ('24423', '2016-10-08 20:39:52', '2016-10-08 20:39:52', '0', 'SYS_USER_PWD', '10');
INSERT INTO `sys_role_perm` VALUES ('24424', '2016-10-08 20:39:52', '2016-10-08 20:39:52', '0', 'SYS_USER_SALES', '10');
INSERT INTO `sys_role_perm` VALUES ('24425', '2016-10-08 20:39:52', '2016-10-08 20:39:52', '0', 'LOGIN_USER', '10');
INSERT INTO `sys_role_perm` VALUES ('24426', '2016-10-08 20:39:52', '2016-10-08 20:39:52', '0', 'SALESMAN_LIST', '10');
INSERT INTO `sys_role_perm` VALUES ('24427', '2016-10-08 20:39:52', '2016-10-08 20:39:52', '0', 'SALESMAN_LIST_ADD', '10');
INSERT INTO `sys_role_perm` VALUES ('24428', '2016-10-08 20:39:52', '2016-10-08 20:39:52', '0', 'SALESMAN_LIST_DEL', '10');
INSERT INTO `sys_role_perm` VALUES ('24429', '2016-10-08 20:39:52', '2016-10-08 20:39:52', '0', 'SALESMAN_LIST_PWD', '10');
INSERT INTO `sys_role_perm` VALUES ('24430', '2016-10-08 20:39:52', '2016-10-08 20:39:52', '0', 'SALESMAN_LIST_STATUS', '10');
INSERT INTO `sys_role_perm` VALUES ('24431', '2016-10-08 20:39:52', '2016-10-08 20:39:52', '0', 'WXUSER', '10');
INSERT INTO `sys_role_perm` VALUES ('24432', '2016-10-08 20:39:52', '2016-10-08 20:39:52', '0', 'WXUSER_LIST', '10');
INSERT INTO `sys_role_perm` VALUES ('24433', '2016-10-08 20:39:52', '2016-10-08 20:39:52', '0', 'SYS_DICT', '10');
INSERT INTO `sys_role_perm` VALUES ('24434', '2016-10-08 20:39:52', '2016-10-08 20:39:52', '0', 'SYS_DICT_ADD', '10');
INSERT INTO `sys_role_perm` VALUES ('24435', '2016-10-08 20:39:52', '2016-10-08 20:39:52', '0', 'SYS_DICT_DEL', '10');
INSERT INTO `sys_role_perm` VALUES ('24436', '2016-10-08 20:39:52', '2016-10-08 20:39:52', '0', 'SYS_ROLE', '10');
INSERT INTO `sys_role_perm` VALUES ('24437', '2016-10-08 20:39:52', '2016-10-08 20:39:52', '0', 'SYS_ROLE_DEL', '10');
INSERT INTO `sys_role_perm` VALUES ('24438', '2016-10-08 20:39:52', '2016-10-08 20:39:52', '0', 'SYS_ROLE_ADD', '10');
INSERT INTO `sys_role_perm` VALUES ('24439', '2016-10-08 20:39:52', '2016-10-08 20:39:52', '0', 'SYS_ROLE_USER', '10');
INSERT INTO `sys_role_perm` VALUES ('24440', '2016-10-08 20:39:52', '2016-10-08 20:39:52', '0', 'SYS_ROLE_QX', '10');
INSERT INTO `sys_role_perm` VALUES ('24441', '2016-10-08 20:39:52', '2016-10-08 20:39:52', '0', 'SYS_FUNC', '10');
INSERT INTO `sys_role_perm` VALUES ('24442', '2016-10-08 20:39:52', '2016-10-08 20:39:52', '0', 'SYS_FUNC_ADD', '10');
INSERT INTO `sys_role_perm` VALUES ('24443', '2016-10-08 20:39:52', '2016-10-08 20:39:52', '0', 'SYS_FUNC_DEL', '10');
INSERT INTO `sys_role_perm` VALUES ('24444', '2016-10-08 20:39:52', '2016-10-08 20:39:52', '0', 'SYS_NOTIFY_RULE', '10');
INSERT INTO `sys_role_perm` VALUES ('24445', '2016-10-08 20:39:52', '2016-10-08 20:39:52', '0', 'SYS_DIVISION', '10');
INSERT INTO `sys_role_perm` VALUES ('24446', '2016-10-08 20:39:52', '2016-10-08 20:39:52', '0', 'DIVISIONAREA', '10');
INSERT INTO `sys_role_perm` VALUES ('24447', '2016-10-08 20:39:52', '2016-10-08 20:39:52', '0', 'SYS_LOG', '10');
INSERT INTO `sys_role_perm` VALUES ('24448', '2016-10-08 20:39:52', '2016-10-08 20:39:52', '0', 'WECHAT_USER_GROUP', '10');
INSERT INTO `sys_role_perm` VALUES ('24449', '2016-10-08 20:39:52', '2016-10-08 20:39:52', '0', 'WECHAT_USER_GROUP_B', '10');
INSERT INTO `sys_role_perm` VALUES ('24450', '2016-10-08 20:39:52', '2016-10-08 20:39:52', '0', 'WECHAT_USER_GROUP_C', '10');
INSERT INTO `sys_role_perm` VALUES ('24451', '2016-10-08 20:39:52', '2016-10-08 20:39:52', '0', 'WECHAT_USER_GROUP_E', '10');
INSERT INTO `sys_role_perm` VALUES ('24452', '2016-10-08 20:39:52', '2016-10-08 20:39:52', '0', 'WELCOME_SHOW', '10');
INSERT INTO `sys_role_perm` VALUES ('24453', '2016-10-08 20:39:52', '2016-10-08 20:39:52', '0', 'GOAL_VIEW_EDIT', '10');
INSERT INTO `sys_role_perm` VALUES ('24454', '2016-10-08 20:39:52', '2016-10-08 20:39:52', '0', 'ORDER_AFS', '10');
INSERT INTO `sys_role_perm` VALUES ('24455', '2016-10-08 20:58:32', '2016-10-08 20:58:32', '0', 'SN', '3');
INSERT INTO `sys_role_perm` VALUES ('24456', '2016-10-08 20:58:32', '2016-10-08 20:58:32', '0', 'SN_CREATE', '3');
INSERT INTO `sys_role_perm` VALUES ('24457', '2016-10-08 20:58:32', '2016-10-08 20:58:32', '0', 'SN_CREATE_SC', '3');
INSERT INTO `sys_role_perm` VALUES ('24458', '2016-10-08 20:58:32', '2016-10-08 20:58:32', '0', 'SN_CREATE_ADD', '3');
INSERT INTO `sys_role_perm` VALUES ('24459', '2016-10-08 20:58:32', '2016-10-08 20:58:32', '0', 'SN_CODE', '3');
INSERT INTO `sys_role_perm` VALUES ('24460', '2016-10-08 20:58:32', '2016-10-08 20:58:32', '0', 'SN_CODE_EDIT', '3');
INSERT INTO `sys_role_perm` VALUES ('24461', '2016-10-08 20:58:32', '2016-10-08 20:58:32', '0', 'SN_CODE_EXP', '3');
INSERT INTO `sys_role_perm` VALUES ('24462', '2016-10-08 20:58:32', '2016-10-08 20:58:32', '0', 'SN_CODE_PRINT', '3');
INSERT INTO `sys_role_perm` VALUES ('24463', '2016-10-08 20:58:32', '2016-10-08 20:58:32', '0', 'SHOPS', '3');
INSERT INTO `sys_role_perm` VALUES ('24464', '2016-10-08 20:58:32', '2016-10-08 20:58:32', '0', 'SHOPRZ', '3');
INSERT INTO `sys_role_perm` VALUES ('24465', '2016-10-08 20:58:32', '2016-10-08 20:58:32', '0', 'SHOPRZ_RZ', '3');
INSERT INTO `sys_role_perm` VALUES ('24466', '2016-10-08 20:58:32', '2016-10-08 20:58:32', '0', 'SHOPRZ_EXP', '3');
INSERT INTO `sys_role_perm` VALUES ('24467', '2016-10-08 20:58:32', '2016-10-08 20:58:32', '0', 'SHOPS_LIST', '3');
INSERT INTO `sys_role_perm` VALUES ('24468', '2016-10-08 20:58:32', '2016-10-08 20:58:32', '0', 'SHOPS_LIST_EDIT', '3');
INSERT INTO `sys_role_perm` VALUES ('24469', '2016-10-08 20:58:32', '2016-10-08 20:58:32', '0', 'SHOPS_LIST_VIEW', '3');
INSERT INTO `sys_role_perm` VALUES ('24470', '2016-10-08 20:58:32', '2016-10-08 20:58:32', '0', 'SHOPS_LIST_LQ', '3');
INSERT INTO `sys_role_perm` VALUES ('24471', '2016-10-08 20:58:32', '2016-10-08 20:58:32', '0', 'SHOPS_LIST_FP', '3');
INSERT INTO `sys_role_perm` VALUES ('24472', '2016-10-08 20:58:32', '2016-10-08 20:58:32', '0', 'SHOPS_LIST_YJ', '3');
INSERT INTO `sys_role_perm` VALUES ('24473', '2016-10-08 20:58:32', '2016-10-08 20:58:32', '0', 'SHOP_BLACK', '3');
INSERT INTO `sys_role_perm` VALUES ('24474', '2016-10-08 20:58:32', '2016-10-08 20:58:32', '0', 'WILL', '3');
INSERT INTO `sys_role_perm` VALUES ('24475', '2016-10-08 20:58:32', '2016-10-08 20:58:32', '0', 'WILL_EDIT', '3');
INSERT INTO `sys_role_perm` VALUES ('24476', '2016-10-08 20:58:32', '2016-10-08 20:58:32', '0', 'WILL_VIEW', '3');
INSERT INTO `sys_role_perm` VALUES ('24477', '2016-10-08 20:58:32', '2016-10-08 20:58:32', '0', 'WILL_LQ', '3');
INSERT INTO `sys_role_perm` VALUES ('24478', '2016-10-08 20:58:32', '2016-10-08 20:58:32', '0', 'WILL_FP', '3');
INSERT INTO `sys_role_perm` VALUES ('24479', '2016-10-08 20:58:32', '2016-10-08 20:58:32', '0', 'WILL_YJ', '3');
INSERT INTO `sys_role_perm` VALUES ('24480', '2016-10-08 20:58:32', '2016-10-08 20:58:32', '0', 'WILL_IMPORT', '3');
INSERT INTO `sys_role_perm` VALUES ('24481', '2016-10-08 20:58:32', '2016-10-08 20:58:32', '0', 'WILL_BLACK', '3');
INSERT INTO `sys_role_perm` VALUES ('24482', '2016-10-08 20:58:32', '2016-10-08 20:58:32', '0', 'AUDITION', '3');
INSERT INTO `sys_role_perm` VALUES ('24483', '2016-10-08 20:58:32', '2016-10-08 20:58:32', '0', 'AUDITION_EDIT', '3');
INSERT INTO `sys_role_perm` VALUES ('24484', '2016-10-08 20:58:32', '2016-10-08 20:58:32', '0', 'AUDITION_VIEW', '3');
INSERT INTO `sys_role_perm` VALUES ('24485', '2016-10-08 20:58:32', '2016-10-08 20:58:32', '0', 'AUDITION_LQ', '3');
INSERT INTO `sys_role_perm` VALUES ('24486', '2016-10-08 20:58:32', '2016-10-08 20:58:32', '0', 'AUDITION_FP', '3');
INSERT INTO `sys_role_perm` VALUES ('24487', '2016-10-08 20:58:32', '2016-10-08 20:58:32', '0', 'AUDITION_YJ', '3');
INSERT INTO `sys_role_perm` VALUES ('24488', '2016-10-08 20:58:32', '2016-10-08 20:58:32', '0', 'AUDITION_IMPORT', '3');
INSERT INTO `sys_role_perm` VALUES ('24489', '2016-10-08 20:58:32', '2016-10-08 20:58:32', '0', 'AUDITION_BLACK', '3');
INSERT INTO `sys_role_perm` VALUES ('24490', '2016-10-08 20:58:32', '2016-10-08 20:58:32', '0', 'AUDITION_RELEASE', '3');
INSERT INTO `sys_role_perm` VALUES ('24491', '2016-10-08 20:58:32', '2016-10-08 20:58:32', '0', 'SJZHCX', '3');
INSERT INTO `sys_role_perm` VALUES ('24492', '2016-10-08 20:58:32', '2016-10-08 20:58:32', '0', 'SHOPS_COMBINE', '3');
INSERT INTO `sys_role_perm` VALUES ('24493', '2016-10-08 20:58:32', '2016-10-08 20:58:32', '0', 'SHOPTXSH', '3');
INSERT INTO `sys_role_perm` VALUES ('24494', '2016-10-08 20:58:32', '2016-10-08 20:58:32', '0', 'SHOPTXSH_TXSH', '3');
INSERT INTO `sys_role_perm` VALUES ('24495', '2016-10-08 20:58:32', '2016-10-08 20:58:32', '0', 'SHOPTX', '3');
INSERT INTO `sys_role_perm` VALUES ('24496', '2016-10-08 20:58:32', '2016-10-08 20:58:32', '0', 'SHOPTX_EDIT', '3');
INSERT INTO `sys_role_perm` VALUES ('24497', '2016-10-08 20:58:32', '2016-10-08 20:58:32', '0', 'SHOPTX_QR', '3');
INSERT INTO `sys_role_perm` VALUES ('24498', '2016-10-08 20:58:32', '2016-10-08 20:58:32', '0', 'SHOPTX_TX', '3');
INSERT INTO `sys_role_perm` VALUES ('24499', '2016-10-08 20:58:32', '2016-10-08 20:58:32', '0', 'SHOPTX_EXP', '3');
INSERT INTO `sys_role_perm` VALUES ('24500', '2016-10-08 20:58:32', '2016-10-08 20:58:32', '0', 'SHOPTX_HK', '3');
INSERT INTO `sys_role_perm` VALUES ('24501', '2016-10-08 20:58:32', '2016-10-08 20:58:32', '0', 'SHOPS_MULTIPLE', '3');
INSERT INTO `sys_role_perm` VALUES ('24502', '2016-10-08 20:58:32', '2016-10-08 20:58:32', '0', 'MULTIPLE_JBXX', '3');
INSERT INTO `sys_role_perm` VALUES ('24503', '2016-10-08 20:58:32', '2016-10-08 20:58:32', '0', 'MULTIPLE_AZM', '3');
INSERT INTO `sys_role_perm` VALUES ('24504', '2016-10-08 20:58:32', '2016-10-08 20:58:32', '0', 'MULTIPLE_DDXX', '3');
INSERT INTO `sys_role_perm` VALUES ('24505', '2016-10-08 20:58:32', '2016-10-08 20:58:32', '0', 'MULTIPLE_FWPJ', '3');
INSERT INTO `sys_role_perm` VALUES ('24506', '2016-10-08 20:58:32', '2016-10-08 20:58:32', '0', 'MULTIPLE_GTRZ', '3');
INSERT INTO `sys_role_perm` VALUES ('24507', '2016-10-08 20:58:32', '2016-10-08 20:58:32', '0', 'MULTIPLE_SJZT', '3');
INSERT INTO `sys_role_perm` VALUES ('24508', '2016-10-08 20:58:32', '2016-10-08 20:58:32', '0', 'MULTIPLE_WLDD', '3');
INSERT INTO `sys_role_perm` VALUES ('24509', '2016-10-08 20:58:32', '2016-10-08 20:58:32', '0', 'MULTIPLE_SHCL', '3');
INSERT INTO `sys_role_perm` VALUES ('24510', '2016-10-08 20:58:32', '2016-10-08 20:58:32', '0', 'SHOPR', '3');
INSERT INTO `sys_role_perm` VALUES ('24511', '2016-10-08 20:58:32', '2016-10-08 20:58:32', '0', 'SHOPAZM', '3');
INSERT INTO `sys_role_perm` VALUES ('24512', '2016-10-08 20:58:32', '2016-10-08 20:58:32', '0', 'SHOPAZM_VIEW', '3');
INSERT INTO `sys_role_perm` VALUES ('24513', '2016-10-08 20:58:32', '2016-10-08 20:58:32', '0', 'SHOPS_OFF_SCORE', '3');
INSERT INTO `sys_role_perm` VALUES ('24514', '2016-10-08 20:58:32', '2016-10-08 20:58:32', '0', 'SHOPS_FOCUS', '3');
INSERT INTO `sys_role_perm` VALUES ('24515', '2016-10-08 20:58:32', '2016-10-08 20:58:32', '0', 'SHOPS_COMM', '3');
INSERT INTO `sys_role_perm` VALUES ('24516', '2016-10-08 20:58:32', '2016-10-08 20:58:32', '0', 'SHOPS_USER', '3');
INSERT INTO `sys_role_perm` VALUES ('24517', '2016-10-08 20:58:32', '2016-10-08 20:58:32', '0', 'SHOPS_CLIENT', '3');
INSERT INTO `sys_role_perm` VALUES ('24518', '2016-10-08 20:58:32', '2016-10-08 20:58:32', '0', 'SHOPS_DISTR', '3');
INSERT INTO `sys_role_perm` VALUES ('24519', '2016-10-08 20:58:32', '2016-10-08 20:58:32', '0', 'COUPONSRULES', '3');
INSERT INTO `sys_role_perm` VALUES ('24520', '2016-10-08 20:58:32', '2016-10-08 20:58:32', '0', 'COUPONS', '3');
INSERT INTO `sys_role_perm` VALUES ('24521', '2016-10-08 20:58:32', '2016-10-08 20:58:32', '0', 'CLIENTELE', '3');
INSERT INTO `sys_role_perm` VALUES ('24522', '2016-10-08 20:58:32', '2016-10-08 20:58:32', '0', 'CLIENTELE_INFO', '3');
INSERT INTO `sys_role_perm` VALUES ('24523', '2016-10-08 20:58:32', '2016-10-08 20:58:32', '0', 'CLIENTELE_INFO_VIEW', '3');
INSERT INTO `sys_role_perm` VALUES ('24524', '2016-10-08 20:58:32', '2016-10-08 20:58:32', '0', 'CLIENTELE_INFO_EXP', '3');
INSERT INTO `sys_role_perm` VALUES ('24525', '2016-10-08 20:58:32', '2016-10-08 20:58:32', '0', 'CLIENTELE_AZMFP', '3');
INSERT INTO `sys_role_perm` VALUES ('24526', '2016-10-08 20:58:32', '2016-10-08 20:58:32', '0', 'CLIENTELE_AZMFP_ZF', '3');
INSERT INTO `sys_role_perm` VALUES ('24527', '2016-10-08 20:58:32', '2016-10-08 20:58:32', '0', 'REDISTR', '3');
INSERT INTO `sys_role_perm` VALUES ('24528', '2016-10-08 20:58:32', '2016-10-08 20:58:32', '0', 'CLIENTELE_AZMFP_FP', '3');
INSERT INTO `sys_role_perm` VALUES ('24529', '2016-10-08 20:58:32', '2016-10-08 20:58:32', '0', 'CLIENTELE_AMZJL', '3');
INSERT INTO `sys_role_perm` VALUES ('24530', '2016-10-08 20:58:32', '2016-10-08 20:58:32', '0', 'CLIENTELE_AMZJL_EXP', '3');
INSERT INTO `sys_role_perm` VALUES ('24531', '2016-10-08 20:58:32', '2016-10-08 20:58:32', '0', 'CLIENTELE_AMZJL_PACK', '3');
INSERT INTO `sys_role_perm` VALUES ('24532', '2016-10-08 20:58:32', '2016-10-08 20:58:32', '0', 'CLIENTELE_AMZJL_COM', '3');
INSERT INTO `sys_role_perm` VALUES ('24533', '2016-10-08 20:58:32', '2016-10-08 20:58:32', '0', 'ORDER', '3');
INSERT INTO `sys_role_perm` VALUES ('24534', '2016-10-08 20:58:32', '2016-10-08 20:58:32', '0', 'ORDER_LIST', '3');
INSERT INTO `sys_role_perm` VALUES ('24535', '2016-10-08 20:58:32', '2016-10-08 20:58:32', '0', 'ORDER_LIST_ADD', '3');
INSERT INTO `sys_role_perm` VALUES ('24536', '2016-10-08 20:58:32', '2016-10-08 20:58:32', '0', 'ORDER_LIST_VIEW', '3');
INSERT INTO `sys_role_perm` VALUES ('24537', '2016-10-08 20:58:32', '2016-10-08 20:58:32', '0', 'ORDER_LIST_EXP', '3');
INSERT INTO `sys_role_perm` VALUES ('24538', '2016-10-08 20:58:32', '2016-10-08 20:58:32', '0', 'ORDER_LIST_ASYNC', '3');
INSERT INTO `sys_role_perm` VALUES ('24539', '2016-10-08 20:58:32', '2016-10-08 20:58:32', '0', 'ORDER_LIST_STATUS', '3');
INSERT INTO `sys_role_perm` VALUES ('24540', '2016-10-08 20:58:32', '2016-10-08 20:58:32', '0', 'ORDER_LIST_TAG', '3');
INSERT INTO `sys_role_perm` VALUES ('24541', '2016-10-08 20:58:32', '2016-10-08 20:58:32', '0', 'ORDER_FORM', '3');
INSERT INTO `sys_role_perm` VALUES ('24542', '2016-10-08 20:58:32', '2016-10-08 20:58:32', '0', 'ORDER_FORM_TAG', '3');
INSERT INTO `sys_role_perm` VALUES ('24543', '2016-10-08 20:58:32', '2016-10-08 20:58:32', '0', 'ORDER_ALL', '3');
INSERT INTO `sys_role_perm` VALUES ('24544', '2016-10-08 20:58:32', '2016-10-08 20:58:32', '0', 'ORDER_ALL_TAG', '3');
INSERT INTO `sys_role_perm` VALUES ('24545', '2016-10-08 20:58:32', '2016-10-08 20:58:32', '0', 'EDIT_PAYTYPE', '3');
INSERT INTO `sys_role_perm` VALUES ('24546', '2016-10-08 20:58:32', '2016-10-08 20:58:32', '0', 'ORDER_FACTORY', '3');
INSERT INTO `sys_role_perm` VALUES ('24547', '2016-10-08 20:58:32', '2016-10-08 20:58:32', '0', 'ORDER_MATERIEL', '3');
INSERT INTO `sys_role_perm` VALUES ('24548', '2016-10-08 20:58:32', '2016-10-08 20:58:32', '0', 'SCORE', '3');
INSERT INTO `sys_role_perm` VALUES ('24549', '2016-10-08 20:58:32', '2016-10-08 20:58:32', '0', 'SCORE_APPROVE', '3');
INSERT INTO `sys_role_perm` VALUES ('24550', '2016-10-08 20:58:32', '2016-10-08 20:58:32', '0', 'SCORE_APPROVE_EDIT', '3');
INSERT INTO `sys_role_perm` VALUES ('24551', '2016-10-08 20:58:32', '2016-10-08 20:58:32', '0', 'SCORE_LIST', '3');
INSERT INTO `sys_role_perm` VALUES ('24552', '2016-10-08 20:58:32', '2016-10-08 20:58:32', '0', 'DATAT', '3');
INSERT INTO `sys_role_perm` VALUES ('24553', '2016-10-08 20:58:32', '2016-10-08 20:58:32', '0', 'ANALYSIS_ORDERS', '3');
INSERT INTO `sys_role_perm` VALUES ('24554', '2016-10-08 20:58:32', '2016-10-08 20:58:32', '0', 'ANALYSIS_COMMS', '3');
INSERT INTO `sys_role_perm` VALUES ('24555', '2016-10-08 20:58:32', '2016-10-08 20:58:32', '0', 'ASSESSMENT_LIST', '3');
INSERT INTO `sys_role_perm` VALUES ('24556', '2016-10-08 20:58:32', '2016-10-08 20:58:32', '0', 'AUDITION_VIEWS', '3');
INSERT INTO `sys_role_perm` VALUES ('24557', '2016-10-08 20:58:32', '2016-10-08 20:58:32', '0', 'WECHAT_VIEW', '3');
INSERT INTO `sys_role_perm` VALUES ('24558', '2016-10-08 20:58:32', '2016-10-08 20:58:32', '0', 'BUSINESS_VIEW', '3');
INSERT INTO `sys_role_perm` VALUES ('24559', '2016-10-08 20:58:32', '2016-10-08 20:58:32', '0', 'SHOW_PRODUCT_SALES', '3');
INSERT INTO `sys_role_perm` VALUES ('24560', '2016-10-08 20:58:32', '2016-10-08 20:58:32', '0', 'ASSESSMENT_LIST2', '3');
INSERT INTO `sys_role_perm` VALUES ('24561', '2016-10-08 20:58:32', '2016-10-08 20:58:32', '0', 'SALES_SCORE', '3');
INSERT INTO `sys_role_perm` VALUES ('24562', '2016-10-08 20:58:32', '2016-10-08 20:58:32', '0', 'AREA_SALES_INFO', '3');
INSERT INTO `sys_role_perm` VALUES ('24563', '2016-10-08 20:58:32', '2016-10-08 20:58:32', '0', 'ANALYSIS_SHOP', '3');
INSERT INTO `sys_role_perm` VALUES ('24564', '2016-10-08 20:58:32', '2016-10-08 20:58:32', '0', 'ANALYSIS_ORDER', '3');
INSERT INTO `sys_role_perm` VALUES ('24565', '2016-10-08 20:58:32', '2016-10-08 20:58:32', '0', 'ANALYSIS_HZAZD', '3');
INSERT INTO `sys_role_perm` VALUES ('24566', '2016-10-08 20:58:32', '2016-10-08 20:58:32', '0', 'SYS_CAL', '3');
INSERT INTO `sys_role_perm` VALUES ('24567', '2016-10-08 20:58:32', '2016-10-08 20:58:32', '0', 'SHOPS_DIVISION', '3');
INSERT INTO `sys_role_perm` VALUES ('24568', '2016-10-08 20:58:32', '2016-10-08 20:58:32', '0', 'COUNTRY_SALES_INFO', '3');
INSERT INTO `sys_role_perm` VALUES ('24569', '2016-10-08 20:58:32', '2016-10-08 20:58:32', '0', 'SHOPS_WAIT_ACTIVE', '3');
INSERT INTO `sys_role_perm` VALUES ('24570', '2016-10-08 20:58:32', '2016-10-08 20:58:32', '0', 'SYSTEM_USER', '3');
INSERT INTO `sys_role_perm` VALUES ('24571', '2016-10-08 20:58:32', '2016-10-08 20:58:32', '0', 'MESSAGE', '3');
INSERT INTO `sys_role_perm` VALUES ('24572', '2016-10-08 20:58:32', '2016-10-08 20:58:32', '0', 'MESSAGE_JDSHCL', '3');
INSERT INTO `sys_role_perm` VALUES ('24573', '2016-10-08 20:58:32', '2016-10-08 20:58:32', '0', 'SHCL_CLIENTELE', '3');
INSERT INTO `sys_role_perm` VALUES ('24574', '2016-10-08 20:58:32', '2016-10-08 20:58:32', '0', 'SHCL_SHOPS', '3');
INSERT INTO `sys_role_perm` VALUES ('24575', '2016-10-08 20:58:32', '2016-10-08 20:58:32', '0', 'SHCL_CLIENT_EXPORT', '3');
INSERT INTO `sys_role_perm` VALUES ('24576', '2016-10-08 20:58:32', '2016-10-08 20:58:32', '0', 'SHCL_EXPORT', '3');
INSERT INTO `sys_role_perm` VALUES ('24577', '2016-10-08 20:58:32', '2016-10-08 20:58:32', '0', 'SHOPS_APRS', '3');
INSERT INTO `sys_role_perm` VALUES ('24578', '2016-10-08 20:58:32', '2016-10-08 20:58:32', '0', 'APPRAISE_RPL_RMK', '3');
INSERT INTO `sys_role_perm` VALUES ('24579', '2016-10-08 20:58:32', '2016-10-08 20:58:32', '0', 'SMS_RECORD', '3');
INSERT INTO `sys_role_perm` VALUES ('24580', '2016-10-08 20:58:32', '2016-10-08 20:58:32', '0', 'MESSAGE_BOARD', '3');
INSERT INTO `sys_role_perm` VALUES ('24581', '2016-10-08 20:58:32', '2016-10-08 20:58:32', '0', 'APPR', '3');
INSERT INTO `sys_role_perm` VALUES ('24582', '2016-10-08 20:58:32', '2016-10-08 20:58:32', '0', 'PRODUCT_LIST', '3');
INSERT INTO `sys_role_perm` VALUES ('24583', '2016-10-08 20:58:32', '2016-10-08 20:58:32', '0', 'PRODUCT_LIST_ADD', '3');
INSERT INTO `sys_role_perm` VALUES ('24584', '2016-10-08 20:58:32', '2016-10-08 20:58:32', '0', 'PRODUCT_LIST_DEL', '3');
INSERT INTO `sys_role_perm` VALUES ('24585', '2016-10-08 20:58:32', '2016-10-08 20:58:32', '0', 'PRODUCT_STOCK', '3');
INSERT INTO `sys_role_perm` VALUES ('24586', '2016-10-08 20:58:32', '2016-10-08 20:58:32', '0', 'PRODUCT_STOCK_ADD', '3');
INSERT INTO `sys_role_perm` VALUES ('24587', '2016-10-08 20:58:32', '2016-10-08 20:58:32', '0', 'PRODUCT_STOCK_EDIT', '3');
INSERT INTO `sys_role_perm` VALUES ('24588', '2016-10-08 20:58:32', '2016-10-08 20:58:32', '0', 'PRODUCT_STOCK_DEL', '3');
INSERT INTO `sys_role_perm` VALUES ('24589', '2016-10-08 20:58:32', '2016-10-08 20:58:32', '0', 'SMS_TEMPLATE', '3');
INSERT INTO `sys_role_perm` VALUES ('24590', '2016-10-08 20:58:32', '2016-10-08 20:58:32', '0', 'APPR_DSH', '3');
INSERT INTO `sys_role_perm` VALUES ('24591', '2016-10-08 20:58:32', '2016-10-08 20:58:32', '0', 'APPR_DSH_APPR', '3');
INSERT INTO `sys_role_perm` VALUES ('24592', '2016-10-08 20:58:32', '2016-10-08 20:58:32', '0', 'APPR_YSH', '3');
INSERT INTO `sys_role_perm` VALUES ('24593', '2016-10-08 20:58:32', '2016-10-08 20:58:32', '0', 'APPR_YSH_VIEW', '3');
INSERT INTO `sys_role_perm` VALUES ('24594', '2016-10-08 20:58:32', '2016-10-08 20:58:32', '0', 'MONTH_TARGET', '3');
INSERT INTO `sys_role_perm` VALUES ('24595', '2016-10-08 20:58:32', '2016-10-08 20:58:32', '0', 'SYS', '3');
INSERT INTO `sys_role_perm` VALUES ('24596', '2016-10-08 20:58:32', '2016-10-08 20:58:32', '0', 'SYS_USER', '3');
INSERT INTO `sys_role_perm` VALUES ('24597', '2016-10-08 20:58:32', '2016-10-08 20:58:32', '0', 'SYS_USER_ADD', '3');
INSERT INTO `sys_role_perm` VALUES ('24598', '2016-10-08 20:58:32', '2016-10-08 20:58:32', '0', 'SYS_USER_DEL', '3');
INSERT INTO `sys_role_perm` VALUES ('24599', '2016-10-08 20:58:32', '2016-10-08 20:58:32', '0', 'SYS_USER_PWD', '3');
INSERT INTO `sys_role_perm` VALUES ('24600', '2016-10-08 20:58:32', '2016-10-08 20:58:32', '0', 'SYS_USER_SALES', '3');
INSERT INTO `sys_role_perm` VALUES ('24601', '2016-10-08 20:58:32', '2016-10-08 20:58:32', '0', 'SALESMAN_LIST', '3');
INSERT INTO `sys_role_perm` VALUES ('24602', '2016-10-08 20:58:32', '2016-10-08 20:58:32', '0', 'SALESMAN_LIST_ADD', '3');
INSERT INTO `sys_role_perm` VALUES ('24603', '2016-10-08 20:58:32', '2016-10-08 20:58:32', '0', 'SALESMAN_LIST_DEL', '3');
INSERT INTO `sys_role_perm` VALUES ('24604', '2016-10-08 20:58:32', '2016-10-08 20:58:32', '0', 'SALESMAN_LIST_PWD', '3');
INSERT INTO `sys_role_perm` VALUES ('24605', '2016-10-08 20:58:32', '2016-10-08 20:58:32', '0', 'SALESMAN_LIST_STATUS', '3');
INSERT INTO `sys_role_perm` VALUES ('24606', '2016-10-08 20:58:32', '2016-10-08 20:58:32', '0', 'WXUSER', '3');
INSERT INTO `sys_role_perm` VALUES ('24607', '2016-10-08 20:58:32', '2016-10-08 20:58:32', '0', 'WXUSER_LIST', '3');
INSERT INTO `sys_role_perm` VALUES ('24608', '2016-10-08 20:58:32', '2016-10-08 20:58:32', '0', 'SYS_DICT', '3');
INSERT INTO `sys_role_perm` VALUES ('24609', '2016-10-08 20:58:32', '2016-10-08 20:58:32', '0', 'SYS_DICT_ADD', '3');
INSERT INTO `sys_role_perm` VALUES ('24610', '2016-10-08 20:58:32', '2016-10-08 20:58:32', '0', 'SYS_DICT_DEL', '3');
INSERT INTO `sys_role_perm` VALUES ('24611', '2016-10-08 20:58:32', '2016-10-08 20:58:32', '0', 'SYS_ROLE', '3');
INSERT INTO `sys_role_perm` VALUES ('24612', '2016-10-08 20:58:32', '2016-10-08 20:58:32', '0', 'SYS_ROLE_DEL', '3');
INSERT INTO `sys_role_perm` VALUES ('24613', '2016-10-08 20:58:32', '2016-10-08 20:58:32', '0', 'SYS_ROLE_ADD', '3');
INSERT INTO `sys_role_perm` VALUES ('24614', '2016-10-08 20:58:32', '2016-10-08 20:58:32', '0', 'SYS_ROLE_USER', '3');
INSERT INTO `sys_role_perm` VALUES ('24615', '2016-10-08 20:58:32', '2016-10-08 20:58:32', '0', 'SYS_ROLE_QX', '3');
INSERT INTO `sys_role_perm` VALUES ('24616', '2016-10-08 20:58:32', '2016-10-08 20:58:32', '0', 'SYS_FUNC', '3');
INSERT INTO `sys_role_perm` VALUES ('24617', '2016-10-08 20:58:32', '2016-10-08 20:58:32', '0', 'SYS_FUNC_ADD', '3');
INSERT INTO `sys_role_perm` VALUES ('24618', '2016-10-08 20:58:32', '2016-10-08 20:58:32', '0', 'SYS_FUNC_DEL', '3');
INSERT INTO `sys_role_perm` VALUES ('24619', '2016-10-08 20:58:32', '2016-10-08 20:58:32', '0', 'SYS_NOTIFY_RULE', '3');
INSERT INTO `sys_role_perm` VALUES ('24620', '2016-10-08 20:58:32', '2016-10-08 20:58:32', '0', 'SYS_DIVISION', '3');
INSERT INTO `sys_role_perm` VALUES ('24621', '2016-10-08 20:58:32', '2016-10-08 20:58:32', '0', 'DIVISIONAREA', '3');
INSERT INTO `sys_role_perm` VALUES ('24622', '2016-10-08 20:58:32', '2016-10-08 20:58:32', '0', 'SYS_LOG', '3');
INSERT INTO `sys_role_perm` VALUES ('24623', '2016-10-08 20:58:32', '2016-10-08 20:58:32', '0', 'WECHAT_USER_GROUP', '3');
INSERT INTO `sys_role_perm` VALUES ('24624', '2016-10-08 20:58:32', '2016-10-08 20:58:32', '0', 'WELCOME_SHOW', '3');
INSERT INTO `sys_role_perm` VALUES ('24625', '2016-10-08 20:58:32', '2016-10-08 20:58:32', '0', 'GOAL_VIEW_EDIT', '3');
INSERT INTO `sys_role_perm` VALUES ('24626', '2016-10-08 20:58:32', '2016-10-08 20:58:32', '0', 'ORDER_AFS', '3');
INSERT INTO `sys_role_perm` VALUES ('24818', '2016-10-19 15:42:38', '2016-10-19 15:42:38', '0', 'SN', '1');
INSERT INTO `sys_role_perm` VALUES ('24819', '2016-10-19 15:42:38', '2016-10-19 15:42:38', '0', 'SN_CREATE', '1');
INSERT INTO `sys_role_perm` VALUES ('24820', '2016-10-19 15:42:38', '2016-10-19 15:42:38', '0', 'SN_CREATE_SC', '1');
INSERT INTO `sys_role_perm` VALUES ('24821', '2016-10-19 15:42:38', '2016-10-19 15:42:38', '0', 'SN_CREATE_ADD', '1');
INSERT INTO `sys_role_perm` VALUES ('24822', '2016-10-19 15:42:38', '2016-10-19 15:42:38', '0', 'SN_CODE', '1');
INSERT INTO `sys_role_perm` VALUES ('24823', '2016-10-19 15:42:38', '2016-10-19 15:42:38', '0', 'SN_CODE_EDIT', '1');
INSERT INTO `sys_role_perm` VALUES ('24824', '2016-10-19 15:42:38', '2016-10-19 15:42:38', '0', 'SN_CODE_EXP', '1');
INSERT INTO `sys_role_perm` VALUES ('24825', '2016-10-19 15:42:38', '2016-10-19 15:42:38', '0', 'SN_CODE_PRINT', '1');
INSERT INTO `sys_role_perm` VALUES ('24826', '2016-10-19 15:42:38', '2016-10-19 15:42:38', '0', 'SHOPS', '1');
INSERT INTO `sys_role_perm` VALUES ('24827', '2016-10-19 15:42:38', '2016-10-19 15:42:38', '0', 'SHOPRZ', '1');
INSERT INTO `sys_role_perm` VALUES ('24828', '2016-10-19 15:42:38', '2016-10-19 15:42:38', '0', 'SHOPRZ_RZ', '1');
INSERT INTO `sys_role_perm` VALUES ('24829', '2016-10-19 15:42:38', '2016-10-19 15:42:38', '0', 'SHOPRZ_EXP', '1');
INSERT INTO `sys_role_perm` VALUES ('24830', '2016-10-19 15:42:38', '2016-10-19 15:42:38', '0', 'SHOPS_LIST', '1');
INSERT INTO `sys_role_perm` VALUES ('24831', '2016-10-19 15:42:38', '2016-10-19 15:42:38', '0', 'SHOPS_LIST_EDIT', '1');
INSERT INTO `sys_role_perm` VALUES ('24832', '2016-10-19 15:42:38', '2016-10-19 15:42:38', '0', 'SHOPS_LIST_VIEW', '1');
INSERT INTO `sys_role_perm` VALUES ('24833', '2016-10-19 15:42:38', '2016-10-19 15:42:38', '0', 'SHOPS_LIST_LQ', '1');
INSERT INTO `sys_role_perm` VALUES ('24834', '2016-10-19 15:42:38', '2016-10-19 15:42:38', '0', 'SHOPS_LIST_FP', '1');
INSERT INTO `sys_role_perm` VALUES ('24835', '2016-10-19 15:42:38', '2016-10-19 15:42:38', '0', 'SHOPS_LIST_YJ', '1');
INSERT INTO `sys_role_perm` VALUES ('24836', '2016-10-19 15:42:38', '2016-10-19 15:42:38', '0', 'SHOP_BLACK', '1');
INSERT INTO `sys_role_perm` VALUES ('24837', '2016-10-19 15:42:38', '2016-10-19 15:42:38', '0', 'WILL', '1');
INSERT INTO `sys_role_perm` VALUES ('24838', '2016-10-19 15:42:38', '2016-10-19 15:42:38', '0', 'WILL_EDIT', '1');
INSERT INTO `sys_role_perm` VALUES ('24839', '2016-10-19 15:42:38', '2016-10-19 15:42:38', '0', 'WILL_VIEW', '1');
INSERT INTO `sys_role_perm` VALUES ('24840', '2016-10-19 15:42:39', '2016-10-19 15:42:39', '0', 'WILL_LQ', '1');
INSERT INTO `sys_role_perm` VALUES ('24841', '2016-10-19 15:42:39', '2016-10-19 15:42:39', '0', 'WILL_FP', '1');
INSERT INTO `sys_role_perm` VALUES ('24842', '2016-10-19 15:42:39', '2016-10-19 15:42:39', '0', 'WILL_YJ', '1');
INSERT INTO `sys_role_perm` VALUES ('24843', '2016-10-19 15:42:39', '2016-10-19 15:42:39', '0', 'WILL_IMPORT', '1');
INSERT INTO `sys_role_perm` VALUES ('24844', '2016-10-19 15:42:39', '2016-10-19 15:42:39', '0', 'WILL_BLACK', '1');
INSERT INTO `sys_role_perm` VALUES ('24845', '2016-10-19 15:42:39', '2016-10-19 15:42:39', '0', 'AUDITION', '1');
INSERT INTO `sys_role_perm` VALUES ('24846', '2016-10-19 15:42:39', '2016-10-19 15:42:39', '0', 'AUDITION_EDIT', '1');
INSERT INTO `sys_role_perm` VALUES ('24847', '2016-10-19 15:42:39', '2016-10-19 15:42:39', '0', 'AUDITION_VIEW', '1');
INSERT INTO `sys_role_perm` VALUES ('24848', '2016-10-19 15:42:39', '2016-10-19 15:42:39', '0', 'AUDITION_LQ', '1');
INSERT INTO `sys_role_perm` VALUES ('24849', '2016-10-19 15:42:39', '2016-10-19 15:42:39', '0', 'AUDITION_FP', '1');
INSERT INTO `sys_role_perm` VALUES ('24850', '2016-10-19 15:42:39', '2016-10-19 15:42:39', '0', 'AUDITION_YJ', '1');
INSERT INTO `sys_role_perm` VALUES ('24851', '2016-10-19 15:42:39', '2016-10-19 15:42:39', '0', 'AUDITION_IMPORT', '1');
INSERT INTO `sys_role_perm` VALUES ('24852', '2016-10-19 15:42:39', '2016-10-19 15:42:39', '0', 'AUDITION_BLACK', '1');
INSERT INTO `sys_role_perm` VALUES ('24853', '2016-10-19 15:42:39', '2016-10-19 15:42:39', '0', 'AUDITION_RELEASE', '1');
INSERT INTO `sys_role_perm` VALUES ('24854', '2016-10-19 15:42:39', '2016-10-19 15:42:39', '0', 'SJZHCX', '1');
INSERT INTO `sys_role_perm` VALUES ('24855', '2016-10-19 15:42:39', '2016-10-19 15:42:39', '0', 'SHOPS_COMBINE', '1');
INSERT INTO `sys_role_perm` VALUES ('24856', '2016-10-19 15:42:39', '2016-10-19 15:42:39', '0', 'SHOPTXSH', '1');
INSERT INTO `sys_role_perm` VALUES ('24857', '2016-10-19 15:42:39', '2016-10-19 15:42:39', '0', 'SHOPTXSH_TXSH', '1');
INSERT INTO `sys_role_perm` VALUES ('24858', '2016-10-19 15:42:39', '2016-10-19 15:42:39', '0', 'SHOPTX', '1');
INSERT INTO `sys_role_perm` VALUES ('24859', '2016-10-19 15:42:39', '2016-10-19 15:42:39', '0', 'SHOPTX_EDIT', '1');
INSERT INTO `sys_role_perm` VALUES ('24860', '2016-10-19 15:42:39', '2016-10-19 15:42:39', '0', 'SHOPTX_QR', '1');
INSERT INTO `sys_role_perm` VALUES ('24861', '2016-10-19 15:42:39', '2016-10-19 15:42:39', '0', 'SHOPTX_TX', '1');
INSERT INTO `sys_role_perm` VALUES ('24862', '2016-10-19 15:42:39', '2016-10-19 15:42:39', '0', 'SHOPTX_EXP', '1');
INSERT INTO `sys_role_perm` VALUES ('24863', '2016-10-19 15:42:39', '2016-10-19 15:42:39', '0', 'SHOPTX_HK', '1');
INSERT INTO `sys_role_perm` VALUES ('24864', '2016-10-19 15:42:39', '2016-10-19 15:42:39', '0', 'SHOPTX_BATCH_SUCCESS', '1');
INSERT INTO `sys_role_perm` VALUES ('24865', '2016-10-19 15:42:39', '2016-10-19 15:42:39', '0', 'SHOPTX_BATCH_FAIL', '1');
INSERT INTO `sys_role_perm` VALUES ('24866', '2016-10-19 15:42:39', '2016-10-19 15:42:39', '0', 'SHOPTX_HK_EXPORT', '1');
INSERT INTO `sys_role_perm` VALUES ('24867', '2016-10-19 15:42:39', '2016-10-19 15:42:39', '0', 'SHOPTX_HK_UPLOAD', '1');
INSERT INTO `sys_role_perm` VALUES ('24868', '2016-10-19 15:42:39', '2016-10-19 15:42:39', '0', 'SHOPSTX_BATCH_QR', '1');
INSERT INTO `sys_role_perm` VALUES ('24869', '2016-10-19 15:42:39', '2016-10-19 15:42:39', '0', 'SHOPTX_HK_MODIFY', '1');
INSERT INTO `sys_role_perm` VALUES ('24870', '2016-10-19 15:42:39', '2016-10-19 15:42:39', '0', 'SHOPS_MULTIPLE', '1');
INSERT INTO `sys_role_perm` VALUES ('24871', '2016-10-19 15:42:39', '2016-10-19 15:42:39', '0', 'MULTIPLE_JBXX', '1');
INSERT INTO `sys_role_perm` VALUES ('24872', '2016-10-19 15:42:39', '2016-10-19 15:42:39', '0', 'MULTIPLE_AZM', '1');
INSERT INTO `sys_role_perm` VALUES ('24873', '2016-10-19 15:42:39', '2016-10-19 15:42:39', '0', 'MULTIPLE_DDXX', '1');
INSERT INTO `sys_role_perm` VALUES ('24874', '2016-10-19 15:42:39', '2016-10-19 15:42:39', '0', 'MULTIPLE_FWPJ', '1');
INSERT INTO `sys_role_perm` VALUES ('24875', '2016-10-19 15:42:39', '2016-10-19 15:42:39', '0', 'MULTIPLE_GTRZ', '1');
INSERT INTO `sys_role_perm` VALUES ('24876', '2016-10-19 15:42:39', '2016-10-19 15:42:39', '0', 'MULTIPLE_SJZT', '1');
INSERT INTO `sys_role_perm` VALUES ('24877', '2016-10-19 15:42:39', '2016-10-19 15:42:39', '0', 'MULTIPLE_WLDD', '1');
INSERT INTO `sys_role_perm` VALUES ('24878', '2016-10-19 15:42:39', '2016-10-19 15:42:39', '0', 'MULTIPLE_SHCL', '1');
INSERT INTO `sys_role_perm` VALUES ('24879', '2016-10-19 15:42:39', '2016-10-19 15:42:39', '0', 'SHOPR', '1');
INSERT INTO `sys_role_perm` VALUES ('24880', '2016-10-19 15:42:39', '2016-10-19 15:42:39', '0', 'SHOPAZM', '1');
INSERT INTO `sys_role_perm` VALUES ('24881', '2016-10-19 15:42:39', '2016-10-19 15:42:39', '0', 'SHOPAZM_VIEW', '1');
INSERT INTO `sys_role_perm` VALUES ('24882', '2016-10-19 15:42:39', '2016-10-19 15:42:39', '0', 'SHOPS_OFF_SCORE', '1');
INSERT INTO `sys_role_perm` VALUES ('24883', '2016-10-19 15:42:39', '2016-10-19 15:42:39', '0', 'SHOPS_FOCUS', '1');
INSERT INTO `sys_role_perm` VALUES ('24884', '2016-10-19 15:42:39', '2016-10-19 15:42:39', '0', 'SHOPS_COMM', '1');
INSERT INTO `sys_role_perm` VALUES ('24885', '2016-10-19 15:42:39', '2016-10-19 15:42:39', '0', 'SHOPS_COMM_EXP', '1');
INSERT INTO `sys_role_perm` VALUES ('24886', '2016-10-19 15:42:39', '2016-10-19 15:42:39', '0', 'SHOPS_USER', '1');
INSERT INTO `sys_role_perm` VALUES ('24887', '2016-10-19 15:42:39', '2016-10-19 15:42:39', '0', 'SHOPS_CLIENT', '1');
INSERT INTO `sys_role_perm` VALUES ('24888', '2016-10-19 15:42:39', '2016-10-19 15:42:39', '0', 'SHOPS_DISTR', '1');
INSERT INTO `sys_role_perm` VALUES ('24889', '2016-10-19 15:42:39', '2016-10-19 15:42:39', '0', 'SHOPE', '1');
INSERT INTO `sys_role_perm` VALUES ('24890', '2016-10-19 15:42:39', '2016-10-19 15:42:39', '0', 'COUPONSRULES', '1');
INSERT INTO `sys_role_perm` VALUES ('24891', '2016-10-19 15:42:39', '2016-10-19 15:42:39', '0', 'COUPONS', '1');
INSERT INTO `sys_role_perm` VALUES ('24892', '2016-10-19 15:42:39', '2016-10-19 15:42:39', '0', 'CLIENTELE', '1');
INSERT INTO `sys_role_perm` VALUES ('24893', '2016-10-19 15:42:39', '2016-10-19 15:42:39', '0', 'CLIENTELE_INFO', '1');
INSERT INTO `sys_role_perm` VALUES ('24894', '2016-10-19 15:42:39', '2016-10-19 15:42:39', '0', 'CLIENTELE_INFO_VIEW', '1');
INSERT INTO `sys_role_perm` VALUES ('24895', '2016-10-19 15:42:39', '2016-10-19 15:42:39', '0', 'CLIENTELE_INFO_EXP', '1');
INSERT INTO `sys_role_perm` VALUES ('24896', '2016-10-19 15:42:39', '2016-10-19 15:42:39', '0', 'CLIENTELE_AZMFP', '1');
INSERT INTO `sys_role_perm` VALUES ('24897', '2016-10-19 15:42:39', '2016-10-19 15:42:39', '0', 'CLIENTELE_AZMFP_ZF', '1');
INSERT INTO `sys_role_perm` VALUES ('24898', '2016-10-19 15:42:39', '2016-10-19 15:42:39', '0', 'REDISTR', '1');
INSERT INTO `sys_role_perm` VALUES ('24899', '2016-10-19 15:42:39', '2016-10-19 15:42:39', '0', 'CLIENTELE_AZMFP_FP', '1');
INSERT INTO `sys_role_perm` VALUES ('24900', '2016-10-19 15:42:39', '2016-10-19 15:42:39', '0', 'CLIENTELE_AMZJL', '1');
INSERT INTO `sys_role_perm` VALUES ('24901', '2016-10-19 15:42:39', '2016-10-19 15:42:39', '0', 'CLIENTELE_AMZJL_EXP', '1');
INSERT INTO `sys_role_perm` VALUES ('24902', '2016-10-19 15:42:39', '2016-10-19 15:42:39', '0', 'CLIENTELE_AMZJL_PACK', '1');
INSERT INTO `sys_role_perm` VALUES ('24903', '2016-10-19 15:42:39', '2016-10-19 15:42:39', '0', 'CLIENTELE_AMZJL_COM', '1');
INSERT INTO `sys_role_perm` VALUES ('24904', '2016-10-19 15:42:39', '2016-10-19 15:42:39', '0', 'ORDER', '1');
INSERT INTO `sys_role_perm` VALUES ('24905', '2016-10-19 15:42:39', '2016-10-19 15:42:39', '0', 'ORDER_LIST', '1');
INSERT INTO `sys_role_perm` VALUES ('24906', '2016-10-19 15:42:39', '2016-10-19 15:42:39', '0', 'ORDER_LIST_ADD', '1');
INSERT INTO `sys_role_perm` VALUES ('24907', '2016-10-19 15:42:39', '2016-10-19 15:42:39', '0', 'ORDER_LIST_VIEW', '1');
INSERT INTO `sys_role_perm` VALUES ('24908', '2016-10-19 15:42:39', '2016-10-19 15:42:39', '0', 'ORDER_LIST_EXP', '1');
INSERT INTO `sys_role_perm` VALUES ('24909', '2016-10-19 15:42:39', '2016-10-19 15:42:39', '0', 'ORDER_LIST_ASYNC', '1');
INSERT INTO `sys_role_perm` VALUES ('24910', '2016-10-19 15:42:39', '2016-10-19 15:42:39', '0', 'ORDER_LIST_STATUS', '1');
INSERT INTO `sys_role_perm` VALUES ('24911', '2016-10-19 15:42:39', '2016-10-19 15:42:39', '0', 'ORDER_LIST_TAG', '1');
INSERT INTO `sys_role_perm` VALUES ('24912', '2016-10-19 15:42:39', '2016-10-19 15:42:39', '0', 'ORDER_FORM', '1');
INSERT INTO `sys_role_perm` VALUES ('24913', '2016-10-19 15:42:39', '2016-10-19 15:42:39', '0', 'ORDER_FORM_TAG', '1');
INSERT INTO `sys_role_perm` VALUES ('24914', '2016-10-19 15:42:39', '2016-10-19 15:42:39', '0', 'ORDER_ALL', '1');
INSERT INTO `sys_role_perm` VALUES ('24915', '2016-10-19 15:42:39', '2016-10-19 15:42:39', '0', 'DELIVERY_EXP', '1');
INSERT INTO `sys_role_perm` VALUES ('24916', '2016-10-19 15:42:39', '2016-10-19 15:42:39', '0', 'SALE_CONFIRM', '1');
INSERT INTO `sys_role_perm` VALUES ('24917', '2016-10-19 15:42:39', '2016-10-19 15:42:39', '0', 'ORDER_ALL_TAG', '1');
INSERT INTO `sys_role_perm` VALUES ('24918', '2016-10-19 15:42:39', '2016-10-19 15:42:39', '0', 'EDIT_PAYTYPE', '1');
INSERT INTO `sys_role_perm` VALUES ('24919', '2016-10-19 15:42:39', '2016-10-19 15:42:39', '0', 'FINANCE_CONFIRM', '1');
INSERT INTO `sys_role_perm` VALUES ('24920', '2016-10-19 15:42:39', '2016-10-19 15:42:39', '0', 'ORDER_FACTORY', '1');
INSERT INTO `sys_role_perm` VALUES ('24921', '2016-10-19 15:42:39', '2016-10-19 15:42:39', '0', 'ORDER_MATERIEL', '1');
INSERT INTO `sys_role_perm` VALUES ('24922', '2016-10-19 15:42:39', '2016-10-19 15:42:39', '0', 'SCORE', '1');
INSERT INTO `sys_role_perm` VALUES ('24923', '2016-10-19 15:42:39', '2016-10-19 15:42:39', '0', 'SCORE_APPROVE', '1');
INSERT INTO `sys_role_perm` VALUES ('24924', '2016-10-19 15:42:39', '2016-10-19 15:42:39', '0', 'SCORE_APPROVE_EDIT', '1');
INSERT INTO `sys_role_perm` VALUES ('24925', '2016-10-19 15:42:39', '2016-10-19 15:42:39', '0', 'SCORE_LIST', '1');
INSERT INTO `sys_role_perm` VALUES ('24926', '2016-10-19 15:42:39', '2016-10-19 15:42:39', '0', 'DATAT', '1');
INSERT INTO `sys_role_perm` VALUES ('24927', '2016-10-19 15:42:39', '2016-10-19 15:42:39', '0', 'ANALYSIS_ORDERS', '1');
INSERT INTO `sys_role_perm` VALUES ('24928', '2016-10-19 15:42:39', '2016-10-19 15:42:39', '0', 'ANALYSIS_COMMS', '1');
INSERT INTO `sys_role_perm` VALUES ('24929', '2016-10-19 15:42:39', '2016-10-19 15:42:39', '0', 'ASSESSMENT_LIST', '1');
INSERT INTO `sys_role_perm` VALUES ('24930', '2016-10-19 15:42:39', '2016-10-19 15:42:39', '0', 'AUDITION_VIEWS', '1');
INSERT INTO `sys_role_perm` VALUES ('24931', '2016-10-19 15:42:39', '2016-10-19 15:42:39', '0', 'WECHAT_VIEW', '1');
INSERT INTO `sys_role_perm` VALUES ('24932', '2016-10-19 15:42:39', '2016-10-19 15:42:39', '0', 'BUSINESS_VIEW', '1');
INSERT INTO `sys_role_perm` VALUES ('24933', '2016-10-19 15:42:39', '2016-10-19 15:42:39', '0', 'SHOW_PRODUCT_SALES', '1');
INSERT INTO `sys_role_perm` VALUES ('24934', '2016-10-19 15:42:39', '2016-10-19 15:42:39', '0', 'ASSESSMENT_LIST2', '1');
INSERT INTO `sys_role_perm` VALUES ('24935', '2016-10-19 15:42:39', '2016-10-19 15:42:39', '0', 'SALES_SCORE', '1');
INSERT INTO `sys_role_perm` VALUES ('24936', '2016-10-19 15:42:39', '2016-10-19 15:42:39', '0', 'AREA_SALES_INFO', '1');
INSERT INTO `sys_role_perm` VALUES ('24937', '2016-10-19 15:42:39', '2016-10-19 15:42:39', '0', 'ANALYSIS_SHOP', '1');
INSERT INTO `sys_role_perm` VALUES ('24938', '2016-10-19 15:42:39', '2016-10-19 15:42:39', '0', 'ANALYSIS_ORDER', '1');
INSERT INTO `sys_role_perm` VALUES ('24939', '2016-10-19 15:42:39', '2016-10-19 15:42:39', '0', 'ANALYSIS_HZAZD', '1');
INSERT INTO `sys_role_perm` VALUES ('24940', '2016-10-19 15:42:39', '2016-10-19 15:42:39', '0', 'SYS_CAL', '1');
INSERT INTO `sys_role_perm` VALUES ('24941', '2016-10-19 15:42:39', '2016-10-19 15:42:39', '0', 'SHOPS_DIVISION', '1');
INSERT INTO `sys_role_perm` VALUES ('24942', '2016-10-19 15:42:39', '2016-10-19 15:42:39', '0', 'COUNTRY_SALES_INFO', '1');
INSERT INTO `sys_role_perm` VALUES ('24943', '2016-10-19 15:42:39', '2016-10-19 15:42:39', '0', 'SHOPS_WAIT_ACTIVE', '1');
INSERT INTO `sys_role_perm` VALUES ('24944', '2016-10-19 15:42:39', '2016-10-19 15:42:39', '0', 'SYSTEM_USER', '1');
INSERT INTO `sys_role_perm` VALUES ('24945', '2016-10-19 15:42:39', '2016-10-19 15:42:39', '0', 'MESSAGE', '1');
INSERT INTO `sys_role_perm` VALUES ('24946', '2016-10-19 15:42:39', '2016-10-19 15:42:39', '0', 'MESSAGE_JDSHCL', '1');
INSERT INTO `sys_role_perm` VALUES ('24947', '2016-10-19 15:42:39', '2016-10-19 15:42:39', '0', 'SHCL_CLIENTELE', '1');
INSERT INTO `sys_role_perm` VALUES ('24948', '2016-10-19 15:42:39', '2016-10-19 15:42:39', '0', 'SHCL_SHOPS', '1');
INSERT INTO `sys_role_perm` VALUES ('24949', '2016-10-19 15:42:39', '2016-10-19 15:42:39', '0', 'SHCL_CLIENTELE_ADD', '1');
INSERT INTO `sys_role_perm` VALUES ('24950', '2016-10-19 15:42:39', '2016-10-19 15:42:39', '0', 'SHCL_CLIENTELE_EDIT', '1');
INSERT INTO `sys_role_perm` VALUES ('24951', '2016-10-19 15:42:39', '2016-10-19 15:42:39', '0', 'SHCL_CLIENT_EXPORT', '1');
INSERT INTO `sys_role_perm` VALUES ('24952', '2016-10-19 15:42:39', '2016-10-19 15:42:39', '0', 'SHCL_SHOPS_ADD', '1');
INSERT INTO `sys_role_perm` VALUES ('24953', '2016-10-19 15:42:39', '2016-10-19 15:42:39', '0', 'SHCL_SHOPS_EDIT', '1');
INSERT INTO `sys_role_perm` VALUES ('24954', '2016-10-19 15:42:39', '2016-10-19 15:42:39', '0', 'SHCL_EXPORT', '1');
INSERT INTO `sys_role_perm` VALUES ('24955', '2016-10-19 15:42:39', '2016-10-19 15:42:39', '0', 'SHOPS_APRS', '1');
INSERT INTO `sys_role_perm` VALUES ('24956', '2016-10-19 15:42:39', '2016-10-19 15:42:39', '0', 'APPRAISE_RPL_RMK', '1');
INSERT INTO `sys_role_perm` VALUES ('24957', '2016-10-19 15:42:39', '2016-10-19 15:42:39', '0', 'SMS_RECORD', '1');
INSERT INTO `sys_role_perm` VALUES ('24958', '2016-10-19 15:42:39', '2016-10-19 15:42:39', '0', 'MESSAGE_BOARD', '1');
INSERT INTO `sys_role_perm` VALUES ('24959', '2016-10-19 15:42:39', '2016-10-19 15:42:39', '0', 'APPR', '1');
INSERT INTO `sys_role_perm` VALUES ('24960', '2016-10-19 15:42:39', '2016-10-19 15:42:39', '0', 'PRODUCT_LIST', '1');
INSERT INTO `sys_role_perm` VALUES ('24961', '2016-10-19 15:42:39', '2016-10-19 15:42:39', '0', 'PRODUCT_LIST_ADD', '1');
INSERT INTO `sys_role_perm` VALUES ('24962', '2016-10-19 15:42:39', '2016-10-19 15:42:39', '0', 'PRODUCT_LIST_DEL', '1');
INSERT INTO `sys_role_perm` VALUES ('24963', '2016-10-19 15:42:39', '2016-10-19 15:42:39', '0', 'PRODUCT_STOCK', '1');
INSERT INTO `sys_role_perm` VALUES ('24964', '2016-10-19 15:42:39', '2016-10-19 15:42:39', '0', 'PRODUCT_STOCK_ADD', '1');
INSERT INTO `sys_role_perm` VALUES ('24965', '2016-10-19 15:42:39', '2016-10-19 15:42:39', '0', 'PRODUCT_STOCK_EDIT', '1');
INSERT INTO `sys_role_perm` VALUES ('24966', '2016-10-19 15:42:39', '2016-10-19 15:42:39', '0', 'PRODUCT_STOCK_DEL', '1');
INSERT INTO `sys_role_perm` VALUES ('24967', '2016-10-19 15:42:39', '2016-10-19 15:42:39', '0', 'SMS_TEMPLATE', '1');
INSERT INTO `sys_role_perm` VALUES ('24968', '2016-10-19 15:42:39', '2016-10-19 15:42:39', '0', 'APPR_DSH', '1');
INSERT INTO `sys_role_perm` VALUES ('24969', '2016-10-19 15:42:39', '2016-10-19 15:42:39', '0', 'APPR_DSH_APPR', '1');
INSERT INTO `sys_role_perm` VALUES ('24970', '2016-10-19 15:42:39', '2016-10-19 15:42:39', '0', 'APPR_YSH', '1');
INSERT INTO `sys_role_perm` VALUES ('24971', '2016-10-19 15:42:39', '2016-10-19 15:42:39', '0', 'APPR_YSH_VIEW', '1');
INSERT INTO `sys_role_perm` VALUES ('24972', '2016-10-19 15:42:39', '2016-10-19 15:42:39', '0', 'MONTH_TARGET', '1');
INSERT INTO `sys_role_perm` VALUES ('24973', '2016-10-19 15:42:39', '2016-10-19 15:42:39', '0', 'APPR_SCORE_RULE', '1');
INSERT INTO `sys_role_perm` VALUES ('24974', '2016-10-19 15:42:39', '2016-10-19 15:42:39', '0', 'SYS', '1');
INSERT INTO `sys_role_perm` VALUES ('24975', '2016-10-19 15:42:39', '2016-10-19 15:42:39', '0', 'SYS_USER', '1');
INSERT INTO `sys_role_perm` VALUES ('24976', '2016-10-19 15:42:39', '2016-10-19 15:42:39', '0', 'SYS_USER_ADD', '1');
INSERT INTO `sys_role_perm` VALUES ('24977', '2016-10-19 15:42:39', '2016-10-19 15:42:39', '0', 'SYS_USER_DEL', '1');
INSERT INTO `sys_role_perm` VALUES ('24978', '2016-10-19 15:42:39', '2016-10-19 15:42:39', '0', 'SYS_USER_PWD', '1');
INSERT INTO `sys_role_perm` VALUES ('24979', '2016-10-19 15:42:39', '2016-10-19 15:42:39', '0', 'SYS_USER_SALES', '1');
INSERT INTO `sys_role_perm` VALUES ('24980', '2016-10-19 15:42:39', '2016-10-19 15:42:39', '0', 'SALESMAN_LIST', '1');
INSERT INTO `sys_role_perm` VALUES ('24981', '2016-10-19 15:42:39', '2016-10-19 15:42:39', '0', 'SALESMAN_LIST_ADD', '1');
INSERT INTO `sys_role_perm` VALUES ('24982', '2016-10-19 15:42:39', '2016-10-19 15:42:39', '0', 'SALESMAN_LIST_DEL', '1');
INSERT INTO `sys_role_perm` VALUES ('24983', '2016-10-19 15:42:39', '2016-10-19 15:42:39', '0', 'SALESMAN_LIST_PWD', '1');
INSERT INTO `sys_role_perm` VALUES ('24984', '2016-10-19 15:42:39', '2016-10-19 15:42:39', '0', 'SALESMAN_LIST_STATUS', '1');
INSERT INTO `sys_role_perm` VALUES ('24985', '2016-10-19 15:42:39', '2016-10-19 15:42:39', '0', 'WXUSER', '1');
INSERT INTO `sys_role_perm` VALUES ('24986', '2016-10-19 15:42:39', '2016-10-19 15:42:39', '0', 'WXUSER_LIST', '1');
INSERT INTO `sys_role_perm` VALUES ('24987', '2016-10-19 15:42:39', '2016-10-19 15:42:39', '0', 'SYS_DICT', '1');
INSERT INTO `sys_role_perm` VALUES ('24988', '2016-10-19 15:42:39', '2016-10-19 15:42:39', '0', 'SYS_DICT_ADD', '1');
INSERT INTO `sys_role_perm` VALUES ('24989', '2016-10-19 15:42:39', '2016-10-19 15:42:39', '0', 'SYS_DICT_DEL', '1');
INSERT INTO `sys_role_perm` VALUES ('24990', '2016-10-19 15:42:39', '2016-10-19 15:42:39', '0', 'SYS_ROLE', '1');
INSERT INTO `sys_role_perm` VALUES ('24991', '2016-10-19 15:42:39', '2016-10-19 15:42:39', '0', 'SYS_ROLE_DEL', '1');
INSERT INTO `sys_role_perm` VALUES ('24992', '2016-10-19 15:42:39', '2016-10-19 15:42:39', '0', 'SYS_ROLE_ADD', '1');
INSERT INTO `sys_role_perm` VALUES ('24993', '2016-10-19 15:42:39', '2016-10-19 15:42:39', '0', 'SYS_ROLE_USER', '1');
INSERT INTO `sys_role_perm` VALUES ('24994', '2016-10-19 15:42:39', '2016-10-19 15:42:39', '0', 'SYS_ROLE_QX', '1');
INSERT INTO `sys_role_perm` VALUES ('24995', '2016-10-19 15:42:39', '2016-10-19 15:42:39', '0', 'SYS_FUNC', '1');
INSERT INTO `sys_role_perm` VALUES ('24996', '2016-10-19 15:42:39', '2016-10-19 15:42:39', '0', 'SYS_FUNC_ADD', '1');
INSERT INTO `sys_role_perm` VALUES ('24997', '2016-10-19 15:42:39', '2016-10-19 15:42:39', '0', 'SYS_FUNC_DEL', '1');
INSERT INTO `sys_role_perm` VALUES ('24998', '2016-10-19 15:42:39', '2016-10-19 15:42:39', '0', 'SYS_NOTIFY_RULE', '1');
INSERT INTO `sys_role_perm` VALUES ('24999', '2016-10-19 15:42:39', '2016-10-19 15:42:39', '0', 'SYS_DIVISION', '1');
INSERT INTO `sys_role_perm` VALUES ('25000', '2016-10-19 15:42:39', '2016-10-19 15:42:39', '0', 'DIVISIONAREA', '1');
INSERT INTO `sys_role_perm` VALUES ('25001', '2016-10-19 15:42:39', '2016-10-19 15:42:39', '0', 'SYS_LOG', '1');
INSERT INTO `sys_role_perm` VALUES ('25002', '2016-10-19 15:42:39', '2016-10-19 15:42:39', '0', 'WECHAT_USER_GROUP', '1');
INSERT INTO `sys_role_perm` VALUES ('25003', '2016-10-19 15:42:39', '2016-10-19 15:42:39', '0', 'WECHAT_USER_GROUP_B', '1');
INSERT INTO `sys_role_perm` VALUES ('25004', '2016-10-19 15:42:39', '2016-10-19 15:42:39', '0', 'WECHAT_USER_GROUP_C', '1');
INSERT INTO `sys_role_perm` VALUES ('25005', '2016-10-19 15:42:39', '2016-10-19 15:42:39', '0', 'WECHAT_USER_GROUP_E', '1');
INSERT INTO `sys_role_perm` VALUES ('25006', '2016-10-19 15:42:39', '2016-10-19 15:42:39', '0', 'WELCOME_SHOW', '1');
INSERT INTO `sys_role_perm` VALUES ('25007', '2016-10-19 15:42:39', '2016-10-19 15:42:39', '0', 'GOAL_VIEW_EDIT', '1');
INSERT INTO `sys_role_perm` VALUES ('25008', '2016-10-19 15:42:39', '2016-10-19 15:42:39', '0', 'ORDER_AFS', '1');
INSERT INTO `sys_role_perm` VALUES ('25009', '2016-10-19 15:42:39', '2016-10-19 15:42:39', '0', 'ORDERMANU_TRS', '1');

-- ----------------------------
-- Table structure for sys_role_user
-- ----------------------------
DROP TABLE IF EXISTS `sys_role_user`;
CREATE TABLE `sys_role_user` (
  `id` bigint(20) NOT NULL AUTO_INCREMENT,
  `createTime` datetime NOT NULL,
  `updateTime` datetime NOT NULL,
  `version` int(11) NOT NULL,
  `roleId` bigint(20) NOT NULL COMMENT '角色',
  `userId` bigint(20) NOT NULL COMMENT ' 用户',
  PRIMARY KEY (`id`),
  KEY `FK65D85B0259AAB598` (`roleId`),
  KEY `FK65D85B025F000B02` (`userId`),
  CONSTRAINT `sys_role_user_ibfk_1` FOREIGN KEY (`roleId`) REFERENCES `sys_role` (`id`),
  CONSTRAINT `sys_role_user_ibfk_2` FOREIGN KEY (`userId`) REFERENCES `sys_user` (`id`)
) ENGINE=InnoDB AUTO_INCREMENT=357 DEFAULT CHARSET=utf8mb4 COLLATE=utf8mb4_unicode_ci;

-- ----------------------------
-- Records of sys_role_user
-- ----------------------------
INSERT INTO `sys_role_user` VALUES ('40', '2016-01-06 11:43:46', '2016-01-06 11:43:46', '0', '2', '5');
INSERT INTO `sys_role_user` VALUES ('41', '2016-01-06 11:43:46', '2016-01-06 11:43:46', '0', '2', '6');
INSERT INTO `sys_role_user` VALUES ('42', '2016-01-06 11:43:46', '2016-01-06 11:43:46', '0', '2', '8');
INSERT INTO `sys_role_user` VALUES ('43', '2016-01-06 11:43:46', '2016-01-06 11:43:46', '0', '2', '14');
INSERT INTO `sys_role_user` VALUES ('44', '2016-01-06 11:43:46', '2016-01-06 11:43:46', '0', '2', '13');
INSERT INTO `sys_role_user` VALUES ('45', '2016-01-06 11:43:46', '2016-01-06 11:43:46', '0', '2', '12');
INSERT INTO `sys_role_user` VALUES ('46', '2016-01-06 11:43:46', '2016-01-06 11:43:46', '0', '2', '9');
INSERT INTO `sys_role_user` VALUES ('47', '2016-01-06 11:43:46', '2016-01-06 11:43:46', '0', '2', '7');
INSERT INTO `sys_role_user` VALUES ('48', '2016-01-06 11:43:46', '2016-01-06 11:43:46', '0', '2', '3');
INSERT INTO `sys_role_user` VALUES ('49', '2016-01-06 11:43:46', '2016-01-06 11:43:46', '0', '2', '4');
INSERT INTO `sys_role_user` VALUES ('51', '2016-01-07 09:21:29', '2016-01-07 09:21:29', '0', '2', '51');
INSERT INTO `sys_role_user` VALUES ('58', '2016-01-07 17:06:53', '2016-01-07 17:06:53', '0', '5', '5');
INSERT INTO `sys_role_user` VALUES ('66', '2016-01-11 09:18:24', '2016-01-11 09:18:24', '0', '2', '52');
INSERT INTO `sys_role_user` VALUES ('67', '2016-01-11 09:18:24', '2016-01-11 09:18:24', '0', '5', '52');
INSERT INTO `sys_role_user` VALUES ('132', '2016-04-18 15:52:29', '2016-04-18 15:52:29', '0', '2', '64');
INSERT INTO `sys_role_user` VALUES ('133', '2016-04-18 15:52:29', '2016-04-18 15:52:29', '0', '2', '63');
INSERT INTO `sys_role_user` VALUES ('152', '2016-05-16 18:47:57', '2016-05-16 18:47:57', '0', '2', '45');
INSERT INTO `sys_role_user` VALUES ('153', '2016-05-16 18:48:06', '2016-05-16 18:48:06', '0', '2', '41');
INSERT INTO `sys_role_user` VALUES ('154', '2016-05-16 18:48:06', '2016-05-16 18:48:06', '0', '8', '41');
INSERT INTO `sys_role_user` VALUES ('166', '2016-05-16 18:50:17', '2016-05-16 18:50:17', '0', '7', '46');
INSERT INTO `sys_role_user` VALUES ('171', '2016-05-16 18:51:07', '2016-05-16 18:51:07', '0', '3', '35');
INSERT INTO `sys_role_user` VALUES ('172', '2016-05-16 18:51:07', '2016-05-16 18:51:07', '0', '4', '35');
INSERT INTO `sys_role_user` VALUES ('179', '2016-05-16 18:53:48', '2016-05-16 18:53:48', '0', '7', '59');
INSERT INTO `sys_role_user` VALUES ('189', '2016-05-17 21:25:09', '2016-05-17 21:25:09', '0', '10', '66');
INSERT INTO `sys_role_user` VALUES ('193', '2016-05-19 08:46:34', '2016-05-19 08:46:34', '0', '7', '49');
INSERT INTO `sys_role_user` VALUES ('194', '2016-05-19 15:15:33', '2016-05-19 15:15:33', '0', '5', '55');
INSERT INTO `sys_role_user` VALUES ('218', '2016-06-02 09:34:52', '2016-06-02 09:34:52', '0', '10', '69');
INSERT INTO `sys_role_user` VALUES ('238', '2016-06-18 09:32:14', '2016-06-18 09:32:14', '0', '10', '65');
INSERT INTO `sys_role_user` VALUES ('240', '2016-06-22 09:03:24', '2016-06-22 09:03:24', '0', '2', '54');
INSERT INTO `sys_role_user` VALUES ('241', '2016-06-22 09:03:24', '2016-06-22 09:03:24', '0', '3', '54');
INSERT INTO `sys_role_user` VALUES ('243', '2016-06-22 09:03:24', '2016-06-22 09:03:24', '0', '5', '54');
INSERT INTO `sys_role_user` VALUES ('245', '2016-06-23 09:29:24', '2016-06-23 09:29:24', '0', '5', '47');
INSERT INTO `sys_role_user` VALUES ('251', '2016-07-04 08:46:15', '2016-07-04 08:46:15', '0', '7', '73');
INSERT INTO `sys_role_user` VALUES ('258', '2016-07-05 09:09:23', '2016-07-05 09:09:23', '0', '9', '62');
INSERT INTO `sys_role_user` VALUES ('261', '2016-07-05 10:28:40', '2016-07-05 10:28:40', '0', '7', '74');
INSERT INTO `sys_role_user` VALUES ('262', '2016-07-05 10:29:40', '2016-07-05 10:29:40', '0', '2', '84');
INSERT INTO `sys_role_user` VALUES ('265', '2016-07-08 14:53:22', '2016-07-08 14:53:22', '0', '7', '83');
INSERT INTO `sys_role_user` VALUES ('273', '2016-07-12 09:45:11', '2016-07-12 09:45:11', '0', '2', '56');
INSERT INTO `sys_role_user` VALUES ('274', '2016-07-12 10:17:16', '2016-07-12 10:17:16', '0', '2', '87');
INSERT INTO `sys_role_user` VALUES ('277', '2016-07-19 08:56:41', '2016-07-19 08:56:41', '0', '2', '58');
INSERT INTO `sys_role_user` VALUES ('281', '2016-08-03 21:31:04', '2016-08-03 21:31:04', '0', '13', '54');
INSERT INTO `sys_role_user` VALUES ('282', '2016-08-03 21:31:04', '2016-08-03 21:31:04', '0', '13', '35');
INSERT INTO `sys_role_user` VALUES ('283', '2016-08-03 21:31:04', '2016-08-03 21:31:04', '0', '13', '69');
INSERT INTO `sys_role_user` VALUES ('285', '2016-08-04 15:25:25', '2016-08-04 15:25:25', '0', '14', '91');
INSERT INTO `sys_role_user` VALUES ('286', '2016-08-05 15:10:24', '2016-08-05 15:10:24', '0', '2', '82');
INSERT INTO `sys_role_user` VALUES ('294', '2016-08-24 17:13:47', '2016-08-24 17:13:47', '0', '2', '80');
INSERT INTO `sys_role_user` VALUES ('295', '2016-08-24 17:14:02', '2016-08-24 17:14:02', '0', '2', '79');
INSERT INTO `sys_role_user` VALUES ('296', '2016-08-26 11:51:45', '2016-08-26 11:51:45', '0', '2', '92');
INSERT INTO `sys_role_user` VALUES ('299', '2016-08-30 15:24:03', '2016-08-30 15:24:03', '0', '16', '94');
INSERT INTO `sys_role_user` VALUES ('309', '2016-09-06 14:23:28', '2016-09-06 14:23:28', '0', '6', '48');
INSERT INTO `sys_role_user` VALUES ('311', '2016-09-07 10:48:36', '2016-09-07 10:48:36', '0', '7', '71');
INSERT INTO `sys_role_user` VALUES ('312', '2016-09-07 10:49:19', '2016-09-07 10:49:19', '0', '7', '57');
INSERT INTO `sys_role_user` VALUES ('315', '2016-09-07 11:34:15', '2016-09-07 11:34:15', '0', '6', '43');
INSERT INTO `sys_role_user` VALUES ('316', '2016-09-07 11:35:30', '2016-09-07 11:35:30', '0', '7', '81');
INSERT INTO `sys_role_user` VALUES ('318', '2016-09-09 09:36:53', '2016-09-09 09:36:53', '0', '4', '44');
INSERT INTO `sys_role_user` VALUES ('319', '2016-09-09 09:36:53', '2016-09-09 09:36:53', '0', '15', '44');
INSERT INTO `sys_role_user` VALUES ('320', '2016-09-09 09:41:52', '2016-09-09 09:41:52', '0', '3', '67');
INSERT INTO `sys_role_user` VALUES ('321', '2016-09-09 09:41:52', '2016-09-09 09:41:52', '0', '10', '67');
INSERT INTO `sys_role_user` VALUES ('323', '2016-09-10 08:42:45', '2016-09-10 08:42:45', '0', '7', '98');
INSERT INTO `sys_role_user` VALUES ('324', '2016-09-12 09:12:24', '2016-09-12 09:12:24', '0', '6', '53');
INSERT INTO `sys_role_user` VALUES ('325', '2016-09-12 09:13:01', '2016-09-12 09:13:01', '0', '11', '95');
INSERT INTO `sys_role_user` VALUES ('326', '2016-09-12 09:13:14', '2016-09-12 09:13:14', '0', '10', '90');
INSERT INTO `sys_role_user` VALUES ('327', '2016-09-12 15:32:57', '2016-09-12 15:32:57', '0', '1', '1');
INSERT INTO `sys_role_user` VALUES ('328', '2016-09-12 16:19:09', '2016-09-12 16:19:09', '0', '12', '89');
INSERT INTO `sys_role_user` VALUES ('329', '2016-09-12 16:19:21', '2016-09-12 16:19:21', '0', '1', '2');
INSERT INTO `sys_role_user` VALUES ('330', '2016-09-12 16:19:41', '2016-09-12 16:19:41', '0', '3', '76');
INSERT INTO `sys_role_user` VALUES ('331', '2016-09-12 16:19:41', '2016-09-12 16:19:41', '0', '13', '76');
INSERT INTO `sys_role_user` VALUES ('332', '2016-09-12 16:21:58', '2016-09-12 16:21:58', '0', '10', '68');
INSERT INTO `sys_role_user` VALUES ('333', '2016-09-12 16:22:11', '2016-09-12 16:22:11', '0', '7', '78');
INSERT INTO `sys_role_user` VALUES ('335', '2016-09-12 16:24:20', '2016-09-12 16:24:20', '0', '17', '36');
INSERT INTO `sys_role_user` VALUES ('336', '2016-09-12 16:35:06', '2016-09-12 16:35:06', '0', '9', '85');
INSERT INTO `sys_role_user` VALUES ('337', '2016-09-12 16:35:13', '2016-09-12 16:35:13', '0', '9', '86');
INSERT INTO `sys_role_user` VALUES ('338', '2016-09-12 16:35:18', '2016-09-12 16:35:18', '0', '9', '61');
INSERT INTO `sys_role_user` VALUES ('339', '2016-09-12 16:59:21', '2016-09-12 16:59:21', '0', '7', '77');
INSERT INTO `sys_role_user` VALUES ('340', '2016-09-12 16:59:26', '2016-09-12 16:59:26', '0', '7', '88');
INSERT INTO `sys_role_user` VALUES ('341', '2016-09-12 16:59:31', '2016-09-12 16:59:31', '0', '7', '70');
INSERT INTO `sys_role_user` VALUES ('349', '2016-09-19 09:35:15', '2016-09-19 09:35:15', '0', '7', '99');
INSERT INTO `sys_role_user` VALUES ('351', '2016-09-19 11:18:03', '2016-09-19 11:18:03', '0', '16', '96');
INSERT INTO `sys_role_user` VALUES ('352', '2016-09-20 09:57:40', '2016-09-20 09:57:40', '0', '7', '60');
INSERT INTO `sys_role_user` VALUES ('353', '2016-09-20 09:57:40', '2016-09-20 09:57:40', '0', '18', '60');
INSERT INTO `sys_role_user` VALUES ('354', '2016-09-20 14:08:05', '2016-09-20 14:08:05', '0', '7', '100');
INSERT INTO `sys_role_user` VALUES ('355', '2016-09-21 09:24:55', '2016-09-21 09:24:55', '0', '16', '93');
INSERT INTO `sys_role_user` VALUES ('356', '2016-09-28 18:50:00', '2016-09-28 18:50:00', '0', '7', '97');

-- ----------------------------
-- Table structure for sys_user
-- ----------------------------
DROP TABLE IF EXISTS `sys_user`;
CREATE TABLE `sys_user` (
  `id` bigint(20) NOT NULL AUTO_INCREMENT,
  `createTime` datetime NOT NULL,
  `updateTime` datetime NOT NULL,
  `version` int(11) NOT NULL,
  `userCode` varchar(50) COLLATE utf8mb4_unicode_ci NOT NULL COMMENT '账号',
  `userName` varchar(50) COLLATE utf8mb4_unicode_ci NOT NULL COMMENT '姓名',
  `userType` varchar(20) COLLATE utf8mb4_unicode_ci DEFAULT NULL COMMENT '类型',
  `pwd` varchar(100) COLLATE utf8mb4_unicode_ci NOT NULL COMMENT '登录密码',
  `phone` varchar(255) COLLATE utf8mb4_unicode_ci DEFAULT NULL COMMENT '手机号码',
  `state` varchar(20) COLLATE utf8mb4_unicode_ci NOT NULL COMMENT '状态',
  `delState` varchar(20) COLLATE utf8mb4_unicode_ci DEFAULT NULL COMMENT '删除标志  N 正常 Y 作废',
  `openid` varchar(200) COLLATE utf8mb4_unicode_ci DEFAULT NULL,
  `department` bigint(20) DEFAULT NULL,
  `position` bigint(20) DEFAULT NULL,
  `score` float DEFAULT NULL,
  `backupPhone` varchar(50) COLLATE utf8mb4_unicode_ci DEFAULT NULL,
  PRIMARY KEY (`id`),
  UNIQUE KEY `userCode` (`userCode`),
  KEY `FK74A81DFDA87A3482` (`department`),
  KEY `FK74A81DFDA27E8A59` (`position`),
  KEY `NewIndex1` (`state`),
  CONSTRAINT `sys_user_ibfk_1` FOREIGN KEY (`position`) REFERENCES `sys_dict` (`id`),
  CONSTRAINT `sys_user_ibfk_2` FOREIGN KEY (`department`) REFERENCES `sys_dict` (`id`)
) ENGINE=InnoDB AUTO_INCREMENT=101 DEFAULT CHARSET=utf8mb4 COLLATE=utf8mb4_unicode_ci;

-- ----------------------------
-- Records of sys_user
-- ----------------------------
INSERT INTO `sys_user` VALUES ('1', '2015-11-28 10:16:29', '2016-09-12 15:32:57', '24', 'super', '超级管理员', 'ADMIN', 'super', '13600000000', 'USE', 'N', 'oOhRQuGovuRvxT5yGvJv_vJsAt3E', '74', '131', null, '13600341232');
INSERT INTO `sys_user` VALUES ('2', '2016-01-06 11:10:13', '2016-09-12 16:19:21', '4', 'admin', '管理员', 'ADMIN', 'ea36da1cd468c4e54639133b9fa5480a', '15813102778', 'USE', 'N', 'oOhRQuO__swIX2xLildbaPDgRt2k', '74', '131', null, '15813102778');
INSERT INTO `sys_user` VALUES ('3', '2015-11-30 08:44:10', '2016-10-20 00:07:05', '25', '0011', '蔡少芳', 'SALESMAN', '9badbff4046def6fc1bbca9f22395b23', '18689339883', 'USE', 'N', 'oOhRQuKUBzrPZ0sYwqjXA8lPurgA', '71', '80', '1332', '18689339883');
INSERT INTO `sys_user` VALUES ('4', '2015-11-30 08:46:17', '2016-02-28 23:40:02', '4', '0010', '薛林权', 'SALESMAN', 'd7894bfe6a291414035309bfb0474906', '15016145953', 'STOP', 'N', null, '71', '80', null, '15016145953');
INSERT INTO `sys_user` VALUES ('5', '2015-11-30 09:48:31', '2016-04-05 15:37:39', '9', '0009', '蓝英（不用了）', 'SALESMAN', '538ddfb9dad1cc1bc980140548c658ac', '13435742665', 'STOP', 'N', null, '71', '80', null, '13435742665');
INSERT INTO `sys_user` VALUES ('6', '2015-11-30 09:59:40', '2016-09-07 10:50:27', '9', '0008', '周镇聪', 'SALESMAN', '9e4366ed2819543fe5688f05cc640d37', '18719027840', 'STOP', 'N', 'oOhRQuG0HbgcppZrj0wVtL-K1CRs', '71', '80', null, '18719027840');
INSERT INTO `sys_user` VALUES ('7', '2015-11-30 10:52:47', '2016-10-20 00:07:05', '2', '0007', '李华', 'SALESMAN', 'b0b28fdfb3d6d5f3dea7e0780d19ab6f', '15016145953', 'USE', 'N', 'oOhRQuOKtT5tFuSouk13dM_wW4m8', '71', '80', '101', '15016145953');
INSERT INTO `sys_user` VALUES ('8', '2015-11-30 10:53:39', '2016-10-20 00:07:05', '25', '0012', '肖黎', 'SALESMAN', '9fc9671bb97ed26233b6c65868928e09', '15917248741', 'USE', 'N', 'oOhRQuGCUyhgf8SFbAxqrAGbUD-0', '71', '145', '850', '15917248741');
INSERT INTO `sys_user` VALUES ('9', '2015-11-30 10:56:16', '2016-04-16 09:18:21', '2', '0006', '黄丽丹', 'SALESMAN', '538ddfb9dad1cc1bc980140548c658ac', '18676015376', 'STOP', 'N', null, '71', '80', null, '18676015376');
INSERT INTO `sys_user` VALUES ('10', '2015-11-30 10:56:49', '2016-01-06 10:59:36', '1', '0005', '林春美', 'SALESMAN', 'e7e0c224fbb2f31ff880b5f643c0f809', '17097116278', 'STOP', 'N', null, '71', '80', null, '17097116278');
INSERT INTO `sys_user` VALUES ('11', '2015-11-30 10:56:58', '2016-01-06 11:06:35', '1', '0004', '空白', 'SALESMAN', '538ddfb9dad1cc1bc980140548c658ac', '11111111111', 'STOP', 'N', null, '71', '80', null, '11111111111');
INSERT INTO `sys_user` VALUES ('12', '2015-11-30 10:57:12', '2016-10-20 00:07:05', '9', '0003', '蓝英', 'SALESMAN', '94e61c9325803ccfaf22b3e586d11567', '18689339885', 'USE', 'N', 'oOhRQuJDH-XondEJBcBP3mGJvOzY', '71', '80', '689', '18689339885');
INSERT INTO `sys_user` VALUES ('13', '2015-11-30 10:57:24', '2016-10-20 00:07:05', '10', '0002', '孙飞飞', 'SALESMAN', '1a2caf18c290ab4cdeba91fd202ecc61', '18689339881', 'USE', 'N', 'oOhRQuFG-hSbiTPCDAQYJT3uTaig', '71', '145', '655', '18689339881');
INSERT INTO `sys_user` VALUES ('14', '2015-11-30 10:57:36', '2016-10-20 00:07:05', '5', '0001', '李昂', 'SALESMAN', 'dca3edb84bb1c7168275cdbfa5b9727d', '13680201923', 'USE', 'N', 'oOhRQuKCFDY1QZj4SbbksvWUaRaQ', '71', '145', '863', '13680201923');
INSERT INTO `sys_user` VALUES ('35', '2016-01-06 11:20:04', '2016-06-13 14:58:55', '8', 'lihua', '李小华', null, '9e4366ed2819543fe5688f05cc640d37', null, 'USE', 'N', 'oOhRQuOKtT5tFuSouk13dM_wW4m8', '71', '78', null, null);
INSERT INTO `sys_user` VALUES ('36', '2016-01-06 11:24:57', '2016-09-12 16:24:20', '15', '连淑娟', '连淑娟', null, '26e2dca78c6fb47a351e4e2ef1357903', '13129297010', 'USE', 'N', 'oOhRQuKGqB39P7kVQ_0NsXgs52uY', '71', '199', null, '13129297010');
INSERT INTO `sys_user` VALUES ('41', '2016-01-06 11:25:39', '2016-05-16 18:48:06', '9', '肖黎', '肖黎', null, 'a40aa102de717a7022a1717e48689189', null, 'STOP', 'N', null, '71', '80', null, null);
INSERT INTO `sys_user` VALUES ('42', '2016-01-06 11:26:37', '2016-09-07 11:08:20', '3', 'llh', '李林华', null, '8df8cf58c2385c3238addbae53f48051', null, 'STOP', 'N', null, '71', '78', null, null);
INSERT INTO `sys_user` VALUES ('43', '2015-12-01 11:27:10', '2016-09-07 11:34:15', '4', 'liyi', '李艺', null, '8df8cf58c2385c3238addbae53f48051', null, 'STOP', 'N', null, '125', '83', null, null);
INSERT INTO `sys_user` VALUES ('44', '2016-01-06 11:27:41', '2016-09-09 09:36:53', '11', '黄议贤', '黄议贤', null, '308b12232b98ecd3216590f5657b764d', '15016181050', 'USE', 'N', 'oOhRQuMOpT7JGGh-qGqvdHd1n1sA', '71', '199', null, '15016181050');
INSERT INTO `sys_user` VALUES ('45', '2016-01-06 11:28:20', '2016-05-16 18:47:57', '4', '蔡少芳', '蔡少芳', null, '8df8cf58c2385c3238addbae53f48051', null, 'STOP', 'N', null, '71', '80', null, null);
INSERT INTO `sys_user` VALUES ('46', '2016-01-06 11:28:46', '2016-05-16 18:50:17', '4', '刘阳', '刘阳', null, '8df8cf58c2385c3238addbae53f48051', null, 'STOP', 'N', null, '71', '81', null, null);
INSERT INTO `sys_user` VALUES ('47', '2016-01-06 11:29:17', '2016-07-05 15:22:25', '11', '陈杰', '陈杰', null, '538ddfb9dad1cc1bc980140548c658ac', null, 'USE', 'N', 'oOhRQuBvCaBtQYBjvFoGWJx2PNVM', '71', '90', null, null);
INSERT INTO `sys_user` VALUES ('48', '2016-01-06 11:29:52', '2016-09-06 14:23:28', '5', 'ltq', '刘铁强', null, 'c9d1d70918eb490ac98d290b9e174618', null, 'STOP', 'N', null, '73', '78', null, null);
INSERT INTO `sys_user` VALUES ('49', '2016-01-06 11:30:24', '2016-05-19 08:46:34', '4', '吴清连', '吴清连', null, '8df8cf58c2385c3238addbae53f48051', null, 'STOP', 'N', null, '71', '81', null, null);
INSERT INTO `sys_user` VALUES ('50', '2016-01-07 09:15:32', '2016-01-07 09:15:32', '0', '3560459', '高科技（测试）', 'SALESMAN', '538ddfb9dad1cc1bc980140548c658ac', '13672798851', 'USE', 'N', null, '71', '80', null, '13672798851');
INSERT INTO `sys_user` VALUES ('51', '2016-01-07 09:21:18', '2016-01-07 09:21:29', '1', 'zhaoyun', '赵子龙（测试）', null, '538ddfb9dad1cc1bc980140548c658ac', '13800138777', 'USE', 'Y', null, '71', '71', null, '13800138777');
INSERT INTO `sys_user` VALUES ('52', '2016-01-07 14:23:03', '2016-01-11 09:18:24', '6', '测试', '测试0_0测试', null, '538ddfb9dad1cc1bc980140548c658ac', '', 'USE', 'Y', null, '71', '71', null, '');
INSERT INTO `sys_user` VALUES ('53', '2016-01-12 16:15:22', '2016-09-12 09:24:19', '8', 'wangjie', '王洁', null, '538ddfb9dad1cc1bc980140548c658ac', '13590845355', 'USE', 'N', 'oOhRQuN8B9_LCrfgB2YFnE09GqFs', '125', '83', null, '13590845355');
INSERT INTO `sys_user` VALUES ('54', '2016-02-19 12:06:02', '2016-06-22 09:03:24', '7', '邹小江', '邹小江', null, '739e68f6489a2228e69a0c4708256722', '13316157293', 'USE', 'N', 'oOhRQuJ16mB1XyhKvWQ1LFtK6UDQ', '71', '124', null, '13316157293');
INSERT INTO `sys_user` VALUES ('55', '2016-03-02 10:22:43', '2016-09-12 16:37:21', '8', '陈幸棉', '陈幸棉', null, '538ddfb9dad1cc1bc980140548c658ac', '13010101010', 'USE', 'N', 'oOhRQuB8yBjHWvYi2EkDT04AeT2w', '71', '90', null, '13010101010');
INSERT INTO `sys_user` VALUES ('56', '2016-03-25 17:44:46', '2016-10-20 00:07:05', '15', '0019', '宁淑萍', 'SALESMAN', '538ddfb9dad1cc1bc980140548c658ac', '15016145953', 'USE', 'N', 'oOhRQuMlf8FKVYB4jNHGsZ5oUh3A', '71', '80', '187', '15016145953');
INSERT INTO `sys_user` VALUES ('57', '2016-04-02 09:37:06', '2016-09-07 10:49:19', '2', '甘霜', '甘霜', null, '538ddfb9dad1cc1bc980140548c658ac', '18928114757', 'STOP', 'N', null, '71', '81', null, '18928114757');
INSERT INTO `sys_user` VALUES ('58', '2016-04-02 09:37:44', '2016-07-19 08:56:40', '4', '吴清莲', '吴清莲', null, '538ddfb9dad1cc1bc980140548c658ac', '13420266456', 'STOP', 'N', null, '71', '81', null, '13420266456');
INSERT INTO `sys_user` VALUES ('59', '2016-04-02 09:38:26', '2016-08-16 16:59:40', '5', '陈雪怡', '陈雪怡', null, '667c79d60ffa3d1bfc2e797c60428445', '13549828921', 'USE', 'N', 'oOhRQuJkeyer6EcREyQt_QXbQNlM', '71', '81', null, '13549828921');
INSERT INTO `sys_user` VALUES ('60', '2016-04-16 09:19:01', '2016-09-20 09:57:40', '8', '黄丽丹', '黄丽丹', null, '538ddfb9dad1cc1bc980140548c658ac', '13532069456', 'USE', 'N', 'oOhRQuCcLHMMSWXY5x34bF4blX3U', '71', '212', null, '13532069456');
INSERT INTO `sys_user` VALUES ('61', '2016-04-16 09:35:47', '2016-09-12 16:35:18', '5', '陈雅斯', '陈雅斯', null, '6f3fba73a7497e98360803b1bca83a27', '15889882105', 'USE', 'N', 'oOhRQuJ6h6u0XVQU6F9aD4BiN8cs', '71', '82', null, '15889882105');
INSERT INTO `sys_user` VALUES ('62', '2016-04-16 09:36:10', '2016-07-05 09:09:23', '3', '陈燕飞', '陈燕飞', null, '538ddfb9dad1cc1bc980140548c658ac', '', 'STOP', 'N', null, '71', '82', null, '');
INSERT INTO `sys_user` VALUES ('63', '2016-04-18 11:24:39', '2016-10-20 00:07:05', '8', '0013', '吴清连', 'SALESMAN', '538ddfb9dad1cc1bc980140548c658ac', '13420266456', 'USE', 'N', 'oOhRQuLsb3ANBsawOVN9vILFpzhE', '71', '80', '427', '13420266456');
INSERT INTO `sys_user` VALUES ('64', '2016-04-18 11:24:53', '2016-10-20 00:07:05', '5', '0015', '刘阳', 'SALESMAN', '538ddfb9dad1cc1bc980140548c658ac', '17820024321', 'USE', 'N', 'oOhRQuCV1tJh61vXUiutLiBJoaO8', '71', '80', '566', '17820024321');
INSERT INTO `sys_user` VALUES ('65', '2016-04-22 15:01:59', '2016-09-12 21:59:00', '13', 'wzj', '翁泽杰', 'ADMIN', '1786c537740e03838e95a27bbefc0770', '15900012890', 'USE', 'N', 'oOhRQuBJsT-Q_IHynXewVyOyXrEM', '74', '79', null, '15900012890');
INSERT INTO `sys_user` VALUES ('66', '2016-04-22 15:05:42', '2016-05-23 21:06:19', '4', 'ljh', '梁家洪', null, '6595008d49fbf79976fc94168ccf5b1b', '', 'USE', 'N', 'oOhRQuObM__ucOXY1rAwJaopy4o0', '74', '79', null, '');
INSERT INTO `sys_user` VALUES ('67', '2016-04-22 15:06:12', '2016-09-09 09:41:52', '8', 'zzp', '张泽萍', 'ADMIN', 'b83501c0c1bd108a54e4f8d46988b01e', '13326930528', 'USE', 'N', 'oOhRQuC-hfw_gqZnTmlayWXSqXi0', '74', '79', null, '13326930528');
INSERT INTO `sys_user` VALUES ('68', '2016-04-22 15:06:40', '2016-09-12 16:21:58', '5', 'xxw', '谢小炜', null, '538ddfb9dad1cc1bc980140548c658ac', '18576263267', 'USE', 'N', 'oOhRQuKe8CPhTskv1BqlpdjBDSGM', '74', '79', null, '18576263267');
INSERT INTO `sys_user` VALUES ('69', '2016-04-22 15:16:41', '2016-09-06 14:30:20', '9', 'ljl', '李嘉林', null, 'ec0e26b620ec27d334d1ff44e06d2571', '13600341232', 'USE', 'N', 'oOhRQuGovuRvxT5yGvJv_vJsAt3E', '74', '78', null, '13600341232');
INSERT INTO `sys_user` VALUES ('70', '2016-05-04 16:08:03', '2016-09-12 16:59:31', '6', '张育英', '张育英', null, '538ddfb9dad1cc1bc980140548c658ac', '13715617887', 'USE', 'N', 'oOhRQuBdHI9EOuE4aleKuey6Yovc', '71', '81', null, '13715617887');
INSERT INTO `sys_user` VALUES ('71', '2016-05-04 16:08:30', '2016-09-07 10:48:36', '2', '何国威', '何国威', null, '538ddfb9dad1cc1bc980140548c658ac', '', 'STOP', 'N', null, '71', '81', null, '');
INSERT INTO `sys_user` VALUES ('72', '2016-05-09 11:58:40', '2016-07-04 22:00:37', '4', '0016', '何国威', 'SALESMAN', '538ddfb9dad1cc1bc980140548c658ac', null, 'STOP', 'N', null, '71', '80', null, null);
INSERT INTO `sys_user` VALUES ('73', '2016-05-11 14:17:38', '2016-07-04 08:46:15', '4', '余劲', '余劲', null, '538ddfb9dad1cc1bc980140548c658ac', '', 'STOP', 'N', null, '71', '98', null, '');
INSERT INTO `sys_user` VALUES ('74', '2016-05-20 09:54:31', '2016-07-05 10:28:40', '5', '崔永协', '崔永协', null, '03d5f71256a07ba7953db70d05f98915', '', 'STOP', 'N', null, '71', '98', null, '');
INSERT INTO `sys_user` VALUES ('75', '2016-05-31 17:54:54', '2016-09-07 10:50:23', '4', '4444', '历史单据', 'SALESMAN', '538ddfb9dad1cc1bc980140548c658ac', null, 'STOP', 'N', null, '71', '80', null, null);
INSERT INTO `sys_user` VALUES ('76', '2016-06-01 17:37:11', '2016-09-13 15:53:27', '4', 'jcy', '江承亦', null, 'a28e69a5697f3d281a43d0f786e3783a', '18814063938', 'USE', 'N', 'oOhRQuIr9OvMwlpJXeNfbIHzLo2Y', '75', '76', null, '18814063938');
INSERT INTO `sys_user` VALUES ('77', '2016-06-02 11:26:38', '2016-09-12 16:59:21', '5', '林文雅', '林文雅', null, '538ddfb9dad1cc1bc980140548c658ac', '15014351976', 'USE', 'N', 'oOhRQuMn5rdO9nVw5o9h2hUfCkGk', '71', '81', null, '15014351976');
INSERT INTO `sys_user` VALUES ('78', '2016-06-02 11:27:02', '2016-09-12 16:22:11', '4', '陆艳玲', '陆艳玲', null, '538ddfb9dad1cc1bc980140548c658ac', '', 'USE', 'N', 'oOhRQuMiOvJdxecS26Ogc4LCxQNo', '71', '81', null, '');
INSERT INTO `sys_user` VALUES ('79', '2016-06-02 11:34:26', '2016-08-24 17:14:02', '1', '陈杰（助）', '陈杰（助）', null, '538ddfb9dad1cc1bc980140548c658ac', '', 'STOP', 'N', null, '71', '98', null, '');
INSERT INTO `sys_user` VALUES ('80', '2016-06-02 11:35:04', '2016-08-24 17:13:47', '1', '陈幸棉（助）', '陈幸棉（助）', null, '538ddfb9dad1cc1bc980140548c658ac', '', 'STOP', 'N', null, '71', '98', null, '');
INSERT INTO `sys_user` VALUES ('81', '2016-06-02 17:13:49', '2016-09-07 11:35:30', '1', '等待复活', '等待复活', null, '538ddfb9dad1cc1bc980140548c658ac', '', 'STOP', 'N', null, '71', '81', null, '');
INSERT INTO `sys_user` VALUES ('82', '2016-06-08 09:46:57', '2016-08-05 15:10:24', '5', '蒋诗柱', '蒋诗柱', null, '93f09e4878a4e296044c7312ffbcf3c3', '', 'STOP', 'N', null, '71', '98', null, '');
INSERT INTO `sys_user` VALUES ('83', '2016-06-14 17:05:21', '2016-07-08 14:53:22', '1', '聂绪超', '聂绪超', null, '538ddfb9dad1cc1bc980140548c658ac', '', 'STOP', 'N', null, '71', '81', null, '');
INSERT INTO `sys_user` VALUES ('84', '2016-07-02 09:28:14', '2016-10-20 00:07:05', '9', '0017', '崔永协', 'SALESMAN', '03d5f71256a07ba7953db70d05f98915', '18689339882', 'USE', 'N', 'oOhRQuLTWRvucq_QhyLor58JoVfA', '71', '80', '287', '18689339882');
INSERT INTO `sys_user` VALUES ('85', '2016-07-05 09:08:41', '2016-09-12 16:35:06', '4', '梁华必', '梁华必', null, 'a7bffa6bf7df834fcff002c098aeaeba', '18318278090', 'USE', 'N', 'oOhRQuIKC1ZBJEXH9yLbMiXdluM8', '71', '82', null, '18318278090');
INSERT INTO `sys_user` VALUES ('86', '2016-07-05 09:09:12', '2016-09-12 16:35:13', '3', '吴有娣', '吴有娣', null, '538ddfb9dad1cc1bc980140548c658ac', '13420390726', 'USE', 'N', 'oOhRQuFbiVpJ4lpFScE7MtvBAQh4', '71', '82', null, '13420390726');
INSERT INTO `sys_user` VALUES ('87', '2016-07-12 10:10:40', '2016-08-05 15:26:35', '11', '0018', '蒋诗柱', 'SALESMAN', '538ddfb9dad1cc1bc980140548c658ac', null, 'STOP', 'N', null, '71', '80', null, null);
INSERT INTO `sys_user` VALUES ('88', '2016-07-29 14:53:11', '2016-09-12 16:59:26', '4', '高倩莹', '高倩莹', null, '538ddfb9dad1cc1bc980140548c658ac', '13590866388', 'USE', 'N', 'oOhRQuA1ccUDNtDasAdePc6yRpAM', '71', '81', '0', '13590866388');
INSERT INTO `sys_user` VALUES ('89', '2016-08-01 16:02:31', '2016-09-12 16:19:09', '2', 'xqf', '谢求富', null, 'b74595005dfdc6c6425de0f742d9f3c9', '13902590694', 'USE', 'N', null, '160', '76', '0', '13902590694');
INSERT INTO `sys_user` VALUES ('90', '2016-08-03 21:34:58', '2016-09-12 09:13:14', '4', 'xlw', '徐林炜', null, '006dc15172f58ec1fd78f526303ff391', '13790717002', 'USE', 'N', 'oOhRQuFFNWs5vFn6fOCizPl7uuWs', '74', '79', '0', '13790717002');
INSERT INTO `sys_user` VALUES ('91', '2016-08-04 15:25:25', '2016-08-04 15:25:25', '0', 'ljw', '梁家文', null, '538ddfb9dad1cc1bc980140548c658ac', '0760-88715123', 'STOP', 'N', null, '161', '162', '0', '0760-88715123');
INSERT INTO `sys_user` VALUES ('92', '2016-08-05 17:33:48', '2016-10-20 00:07:05', '5', '0020', '王建', 'SALESMAN', '538ddfb9dad1cc1bc980140548c658ac', '17097113058', 'USE', 'N', 'oOhRQuDmDMD9pxaqK9llhmjb6e4o', '71', '80', '617', '17097113058');
INSERT INTO `sys_user` VALUES ('93', '2016-08-30 15:11:00', '2016-09-21 09:24:55', '2', 'wangbing', '王兵', null, '538ddfb9dad1cc1bc980140548c658ac', '15820536055', 'USE', 'N', null, '200', '78', '0', '15820536055');
INSERT INTO `sys_user` VALUES ('94', '2016-08-30 15:11:41', '2016-08-30 15:24:03', '1', 'zhangyuewei', '张粤威', null, '538ddfb9dad1cc1bc980140548c658ac', '', 'USE', 'N', null, '72', '78', '0', '');
INSERT INTO `sys_user` VALUES ('95', '2016-09-05 09:19:24', '2016-09-12 09:13:01', '3', 'czk', '陈振康', null, '538ddfb9dad1cc1bc980140548c658ac', '15913357250', 'USE', 'N', 'oOhRQuLkRC4mu7qYJMbx-RGkoSLc', '161', '162', '0', '15913357250');
INSERT INTO `sys_user` VALUES ('96', '2016-09-05 09:26:02', '2016-09-19 11:18:03', '5', 'hdh', '黄冬红', null, '538ddfb9dad1cc1bc980140548c658ac', '18576076535', 'USE', 'N', 'oOhRQuGxn7dA_Zzksv_kLQtv-bvs', '72', '202', '0', '18576076535');
INSERT INTO `sys_user` VALUES ('97', '2016-09-08 09:56:16', '2016-09-28 18:50:00', '2', '杜婉娥', '杜婉娥', null, '538ddfb9dad1cc1bc980140548c658ac', '', 'STOP', 'N', 'oOhRQuFzHGkdKZbG5oRox7hXrZl4', '71', '81', '0', '');
INSERT INTO `sys_user` VALUES ('98', '2016-09-10 08:42:45', '2016-09-12 16:21:29', '1', '冷芬', '冷芬', null, '538ddfb9dad1cc1bc980140548c658ac', '', 'USE', 'N', 'oOhRQuKmsnNSXocvU4vnHnDo9IX8', '71', '81', '0', '');
INSERT INTO `sys_user` VALUES ('99', '2016-09-19 08:36:49', '2016-09-19 09:36:13', '2', '黄玉泽', '黄玉泽', null, '538ddfb9dad1cc1bc980140548c658ac', '18676019416', 'USE', 'N', 'oOhRQuGuckLkNNrhjoo_TxPe8A-c', '71', '81', '0', '18676019416');
INSERT INTO `sys_user` VALUES ('100', '2016-09-19 08:37:15', '2016-09-20 14:08:05', '3', '甘金让', '甘金让', null, '538ddfb9dad1cc1bc980140548c658ac', '17820024674', 'STOP', 'N', 'oOhRQuLgzJ575AsQPpPjOHN3CcGw', '71', '81', '0', '17820024674');
